Isolate ID,Sample ID,Genus,Species,sigB AT,Number of  contigs,Genome size (bp),GC (%),N50,Average coverage,Bioproject,SRA Run Accession,WGS Acession,Phylogroup,State
L7-0001,NC-GSM-1,Listeria,L. monocytogenes,57,30,3060392,37.65,536494,103.118,PRJNA561882,SRR10019272,VTKV00000000,L2,NC
L7-0007,NC-GSM-3,Listeria,L. innocua,31,19,2832799,37.39,537072,131.646,PRJNA561882,SRR11344258,JAASAA000000000,L6,NC
L7-0013,NC-GSM-4,Listeria,L. monocytogenes,57,27,2980928,37.81,453470,123.784,PRJNA561882,SRR10019271,VTKU00000000,L2,NC
L7-0020,NC-GSM-5,Listeria,L. swaminathanii,166,13,2797502,38.67,1428095,127.09,PRJNA561882,SRR11344257,JAATOD000000000,-,NC
L7-0025,NC-GSM-2,Listeria,L. booriae,S5001,29,3799189,41.77,344962,60.7694,PRJNA561882,SRR11343925,JAATOC000000000,L12,NC
L7-0029,NC-GSM-4,Listeria,L. booriae,S5002,27,3618090,41.96,323342,92.954,PRJNA561882,SRR11343878,JAARZZ000000000,L12,NC
L7-0030,NC-GSM-5,Listeria,L. booriae,S5003,30,3631779,41.86,351581,100.934,PRJNA561882,SRR11343863,JAARZY000000000,L12,NC
L7-0031,TX-LL-2,Listeria,L. welshimeri,177,50,2795045,36.19,294483,199.222,PRJNA561882,SRR11344216,JAASWX000000000,L8,TX
L7-0033,TX-LL-2,Listeria,L. booriae,S5015,28,3365333,41.95,310918,51.267,PRJNA561882,SRR11344205,JAARZX000000000,L12,TX
L7-0035,TX-MC-1,Listeria,L. booriae,S5016 ,62,3574472,41.73,123488,109.395,PRJNA561882,SRR11344194,JAARZW000000000,L12,TX
L7-0036,TX-MC-1,Listeria,L. welshimeri,178,20,2729643,36.31,384870,169.246,PRJNA561882,SRR11344119,JAASWW000000000,L8,TX
L7-0038,TX-MC-1,Listeria,L. welshimeri,179,23,2738915,36.24,247605,46.0602,PRJNA561882,SRR11344108,JAARZV000000000,L8,TX
L7-0039,TX-MC-3,Listeria,L. booriae,S5016,66,3561066,41.68,127008,71.3356,PRJNA561882,SRR11344256,JAASWV000000000,L12,TX
L7-0045,TX-CR-1,Listeria,L. welshimeri,19,38,2787317,36.3,142283,104.895,PRJNA561882,SRR11344149,JAARZU000000000,L8,TX
L7-0051,TX-CR-3,Listeria,L. booriae,S5016,80,3648983,41.55,96793,68.7253,PRJNA561882,SRR11344138,JAARZT000000000,L12,TX
L7-0054,TX-CR-4,Listeria,L. booriae,S5016,101,3499911,41.74,80324,56.3956,PRJNA561882,SRR11344127,JAARZS000000000,L12,TX
L7-0058,TX-CR-5,Listeria,L. booriae,S5017,36,3318002,41.88,288410,75.2269,PRJNA561882,SRR11343991,JAARZR000000000,L12,TX
L7-0060,TX-GCS-1,Listeria,L. welshimeri,89,14,2765226,36.17,1467333,136.925,PRJNA561882,SRR11343980,JAARZQ000000000,L8,TX
L7-0066,TX-GCS-2,Listeria,L. welshimeri,180,18,2771901,36.24,480886,133.516,PRJNA561882,SRR11343969,JAATOB000000000,L8,TX
L7-0067,TX-GCS-2,Listeria,L. welshimeri,89,14,2766899,36.18,1466891,215.523,PRJNA561882,SRR11343958,JAARZP000000000,L8,TX
L7-0072,TX-GCS-4,Listeria,L. farberi,181,14,2948585,36.85,539249,343.736,PRJNA561882,SRR11343947,JAARZO000000000,L7,TX
L7-0078,TX-GCS-5,Listeria,L. welshimeri,182,44,2802773,36.11,162489,227.46,PRJNA561882,SRR11343936,JAARZN000000000,L8,TX
L7-0082,TX-GCS-5,Listeria,L. welshimeri,134,21,2797143,36.24,258448,182.815,PRJNA561882,SRR11343924,JAARZM000000000,L8,TX
L7-0083,TX-GCS-5,Listeria,L. farberi,181,15,2935814,36.91,1483358,242.54,PRJNA561882,SRR11343913,JAARZL000000000,L7,TX
L7-0084,NC-CMSP-5,Listeria,L. booriae,S5018,32,3576255,41.97,275568,125.903,PRJNA561882,SRR11344187,JAARZK000000000,L12,NC
L7-0091,TX-DP-1,Listeria,L. farberi,183,61,3017328,36.75,168881,95.9594,PRJNA561882,SRR11344176,JAARZJ000000000,L7,TX
L7-0094,TX-DP-2,Listeria,L. booriae,S5019,55,3520376,41.59,171059,195.685,PRJNA561882,SRR11344165,JAARZI000000000,L12,TX
L7-0095,TX-DP-2,Listeria,L. welshimeri,17,19,2827489,36.26,357432,251.217,PRJNA561882,SRR11344061,JAARZH000000000,L8,TX
L7-0096,TX-DP-2,Listeria,L. welshimeri,27,12,2800527,36.31,1443678,383.349,PRJNA561882,SRR11344050,JAARZG000000000,L8,TX
L7-0100,TX-DP-5,Listeria,L. welshimeri,184,41,2772239,36.23,204561,132.332,PRJNA561882,SRR11344039,JAARZF000000000,L8,TX
L7-0106,CO-HM-1,Listeria,L. welshimeri,185,23,2774850,36.21,382828,339.161,PRJNA561882,SRR11343900,JAARZE000000000,L8,CO
L7-0112,MO-CSP-3,Listeria,L. monocytogenes,186,30,2870595,38.08,229930,102.97,PRJNA561882,SRR10019263,VTKT00000000,L1,MO
L7-0115,MO-CSP-4,Listeria,L. monocytogenes,90,14,2948822,37.95,523802,276.166,PRJNA561882,SRR10019258,VTKS00000000,L1,MO
L7-0121,NC-CNF-1,Listeria,L. ivanovii,187,27,2911400,36.94,220911,317.558,PRJNA561882,SRR11343889,JAARZD000000000,-,NC
L7-0123,NC-CNF-1,Listeria,L. cossartiae,188,9,2830125,38.56,523254,170.82,PRJNA561882,SRR11343877,JAARZC000000000,-,NC
L7-0125,NC-CNF-2,Listeria,L. innocua,189,27,2981661,37.24,519873,107.519,PRJNA561882,SRR11344247,JAASWU000000000,L6,NC
L7-0131,OH-WN-1,Listeria,L. monocytogenes,190,10,2899334,38.07,1461064,181.592,PRJNA561882,SRR10019203,VTKR00000000,L1,OH
L7-0132,OH-WN-1,Listeria,L. seeligeri,122,35,2942584,37.15,197635,145.06,PRJNA561882,SRR11344236,JAARZB000000000,L9,OH
L7-0139,OH-WN-3,Listeria,L. monocytogenes,104,12,2840656,38.12,1447169,108.388,PRJNA561882,SRR10019214,VTKQ00000000,L1,OH
L7-0144,OH-WN-3,Listeria,L. monocytogenes,81,9,2927771,38.02,1518447,183.016,PRJNA561882,SRR10019253,VTKP00000000,L1,OH
L7-0145,OH-WN-3,Listeria,L. monocytogenes,191,19,2886366,38.04,547980,68.0125,PRJNA561882,SRR10019248,VTKO00000000,L1,OH
L7-0147,OH-WN-4,Listeria,L. monocytogenes,192,8,2823466,38.16,1443475,177.886,PRJNA561882,SRR10019237,VTKN00000000,L1,OH
L7-0148,OH-WN-4,Listeria,L. monocytogenes,82,16,2964118,37.93,499746,141.588,PRJNA561882,SRR10019228,VTKM00000000,L1,OH
L7-0149,OH-WN-4,Listeria,L. booriae,S5020,39,3846862,41.74,628535,39.5611,PRJNA561882,SRR11344225,JAARZA000000000,L12,OH
L7-0150,OH-WN-4,Listeria,L. seeligeri,24,32,2870193,37.16,189763,100.835,PRJNA561882,SRR11344089,JAARYZ000000000,L9,OH
L7-0153,OH-WN-4,Listeria,L. booriae,S5021,19,3617868,41.99,383678,98.1478,PRJNA561882,SRR11344078,JAARYY000000000,L12,OH
L7-0155,OH-WN-5,Listeria,L. monocytogenes,192,14,2933655,38.02,1514166,149.75,PRJNA561882,SRR10019270,VTKL00000000,L1,OH
L7-0157,OH-WN-5,Listeria,L. monocytogenes,193,8,2873513,38.04,1463005,140.264,PRJNA561882,SRR10019269,VTKK00000000,L1,OH
L7-0163,IN-TR-1,Listeria,L. monocytogenes,58,15,2875922,37.91,476942,119.945,PRJNA561882,SRR10019268,VTKJ00000000,L3,IN
L7-0171,IN-TR-3,Listeria,L. seeligeri,1,22,2794479,37.26,225617,185.084,PRJNA561882,SRR11344067,JAARYX000000000,L10,IN
L7-0177,IN-TR-3,Listeria,L. seeligeri,72,78,2891049,37.22,320575,138.293,PRJNA561882,SRR11344024,JAARYW000000000,L9,IN
L7-0179,IN-TR-4,Listeria,L. seeligeri,12,59,2953590,37.24,186360,128.834,PRJNA561882,SRR11344013,JAARYV000000000,L9,IN
L7-0181,IN-TR-4,Listeria,L. seeligeri,72,23,2845264,37.26,321332,109.453,PRJNA561882,SRR11344002,JAARYU000000000,L9,IN
L7-0185,IN-TR-5,Listeria,L. seeligeri,4,15,2805115,37.25,533612,214.413,PRJNA561882,SRR11343862,JAARYT000000000,L10,IN
L7-0186,IN-TR-5,Listeria,L. seeligeri,3,18,2821794,37.22,524262,155.984,PRJNA561882,SRR11343851,JAARYS000000000,L10,IN
L7-0191,OH-CV-1,Listeria,L. seeligeri,12,19,2869399,37.22,311171,153.763,PRJNA561882,SRR11343843,JAARYR000000000,L9,OH
L7-0192,OH-CV-1,Listeria,L. welshimeri,194,21,2826887,36.19,1516505,174.681,PRJNA561882,SRR11343842,JAATOA000000000,L8,OH
L7-0197,OH-CV-2,Listeria,L. monocytogenes,192,9,2850484,38.12,1464975,200.817,PRJNA514286,SRR9845433,AAJADL000000000,L1,OH
L7-0198,OH-CV-2,Listeria,L. seeligeri,20,115,2907458,37.3,169206,139.717,PRJNA561882,SRR11344222,JAASWT000000000,L9,OH
L7-0199,OH-CV-2,Listeria,L. seeligeri,3,18,2872071,37.27,552445,120.742,PRJNA561882,SRR11344221,JAARYQ000000000,L10,OH
L7-0201,OH-CV-2,Listeria,L. monocytogenes,104,11,2845559,38.09,542905,143.458,PRJNA561882,SRR10019267,VTKI00000000,L1,OH
L7-0205,OH-CV-3,Listeria,L. monocytogenes,195,15,2900024,37.98,513632,140.525,PRJNA561882,SRR10019266,VTKH00000000,L1,OH
L7-0207,OH-CV-3,Listeria,L. seeligeri,3,13,2828795,37.25,514580,121.15,PRJNA561882,SRR11344220,JAARYP000000000,L10,OH
L7-0213,OH-CV-4,Listeria,L. monocytogenes,196,9,2871683,38.06,1472463,141.486,PRJNA561882,SRR10019265,VTKG00000000,L1,OH
L7-0214,OH-CV-4,Listeria,L. monocytogenes,82,21,2915128,38.06,525006,153.576,PRJNA561882,SRR10019185,VTKF00000000,L1,OH
L7-0215,OH-CV-4,Listeria,L. welshimeri,47,36,2800537,36.21,157985,176.082,PRJNA561882,SRR11344219,JAARYO000000000,L8,OH
L7-0217,OH-CV-4,Listeria,L. booriae,S5022,14,3490983,42.04,557560,111.213,PRJNA561882,SRR11344218,JAARYN000000000,L12,OH
L7-0218,OH-CV-4,Listeria,L. monocytogenes,197,10,2864392,38.08,1461179,107.099,PRJNA561882,SRR10019186,VTKE00000000,L1,OH
L7-0221,OH-CV-5,Listeria,L. monocytogenes,81,12,2844779,38.12,495743,101.364,PRJNA561882,SRR10019187,VTKD00000000,L1,OH
L7-0222,OH-CV-5,Listeria,L. monocytogenes,195,14,2987443,37.89,477273,50.2036,PRJNA561882,SRR10019264,VTKC00000000,L1,OH
L7-0229,AL-OM-1,Listeria,L. cossartiae,198,13,2821772,38.67,523834,134.752,PRJNA561882,SRR11344217,JAARYM000000000,L5,AL
L7-0230,AL-OM-1,Listeria,L. monocytogenes,199,23,2934033,37.86,343486,189.782,PRJNA561882,SRR10019262,VTKB00000000,L1,AL
L7-0231,AL-OM-1,Listeria,L. booriae,S5023,29,3722216,41.73,320911,126.691,PRJNA561882,SRR11344215,JAARYL000000000,L12,AL
L7-0232,AL-OM-1,Listeria,L. booriae,S5024,33,3757166,41.77,278148,126.759,PRJNA561882,SRR11344214,JAARYK000000000,L12,AL
L7-0233,AL-OM-1,Listeria,L. cossartiae,200,11,2870397,38.63,1439256,175.808,PRJNA561882,SRR11344213,JAARYJ000000000,L5,AL
L7-0235,AL-OM-2,Listeria,L. monocytogenes,201,18,2969808,37.74,526585,111.824,PRJNA561882,SRR10019188,VTKA00000000,L2,AL
L7-0236,AL-OM-2,Listeria,L. booriae,S5023,20,3499123,42.06,442794,142.887,PRJNA561882,SRR11344212,JAARYI000000000,L12,AL
L7-0239,AL-OM-3,Listeria,L. monocytogenes,57,13,2940344,37.76,491219,118.841,PRJNA561882,SRR10019189,VTJZ00000000,L2,AL
L7-0245,AL-OM-4,Listeria,L. booriae,S5024,22,3600116,42.09,597675,83.8888,PRJNA561882,SRR11344211,JAARYH000000000,L12,AL
L7-0251,AL-OM-5,Listeria,L. monocytogenes,202,14,2939360,37.83,314168,251.833,PRJNA561882,SRR10019190,VTJY00000000,L2,AL
L7-0253,AL-OM-5,Listeria,L. cossartiae,203,12,2800390,38.75,522584,148.07,PRJNA561882,SRR11344210,JAARYG000000000,L5,AL
L7-0255,AL-OM-5,Listeria,L. booriae,S5025,28,3592679,41.92,374369,91.6967,PRJNA561882,SRR11344209,JAARYF000000000,L12,AL
L7-0256,AL-OM-5,Listeria,L. booriae,S5026,20,3749452,41.68,402087,131.986,PRJNA561882,SRR11344208,JAARYE000000000,L12,AL
L7-0259,AL-TIH-1,Listeria,L. booriae,S5027,25,3841756,41.5,490663,106.382,PRJNA561882,SRR11344207,JAARYD000000000,L12,AL
L7-0261,AL-TIH-2,Listeria,L. monocytogenes,57,30,3100079,37.62,470216,146.343,PRJNA561882,SRR10019261,VTJX00000000,L2,AL
L7-0269,AL-TIH-3,Listeria,L. booriae,S5028,28,3620709,42.05,270824,70.1067,PRJNA561882,SRR11344206,JAARYC000000000,L12,AL
L7-0273,AL-TIH-4,Listeria,L. booriae,S5024,32,3509913,42,351168,159.55,PRJNA561882,SRR11344204,JAASWS000000000,L12,AL
L7-0278,AL-TIH-4,Listeria,L. booriae,S5029,15,3723017,41.87,479822,99.1269,PRJNA561882,SRR11344203,JAARYB000000000,L12,AL
L7-0279,AR-LL-2,Listeria,L. innocua,204,13,2853465,37.39,584637,148.958,PRJNA561882,SRR11344202,JAARYA000000000,L6,AR
L7-0280,AR-LL-2,Listeria,L. innocua,142,15,2796832,37.41,528850,103.452,PRJNA561882,SRR11344201,JAARXZ000000000,L6,AR
L7-0285,AR-LL-3,Listeria,L. innocua,205,12,2773505,37.42,461061,190.848,PRJNA561882,SRR11344200,JAARXY000000000,L6,AR
L7-0288,AR-LL-3,Listeria,L. innocua,206,50,3139428,37.11,240885,106.903,PRJNA561882,SRR11344199,JAARXX000000000,L6,AR
L7-0291,AR-LL-5,Listeria,L. innocua,10,10,2857661,37.42,1501383,159.296,PRJNA561882,SRR11344198,JAARXW000000000,L6,AR
L7-0297,AR-BG-2,Listeria,L. innocua,207,16,2987776,37.21,405074,99.4132,PRJNA561882,SRR11344197,JAARXV000000000,L6,AR
L7-0303,AR-BG-3,Listeria,L. innocua,208,14,2822006,37.36,389057,200.893,PRJNA561882,SRR11344196,JAARXU000000000,L6,AR
L7-0304,AR-BG-3,Listeria,L. innocua,209,28,3077314,37.09,524942,118.819,PRJNA561882,SRR11344195,JAARXT000000000,L6,AR
L7-0309,AR-BG-4,Listeria,L. innocua,210,9,2844224,37.42,524500,171.252,PRJNA561882,SRR11344193,JAARXS000000000,L6,AR
L7-0311,AR-BG-5,Listeria,L. innocua,211,16,2812589,37.4,381060,175.631,PRJNA561882,SRR11344192,JAARXR000000000,L6,AR
L7-0312,AR-BG-5,Listeria,L. innocua,212,11,2818069,37.39,543579,216.747,PRJNA561882,SRR11344191,JAARXQ000000000,L6,AR
L7-0313,AR-BG-5,Listeria,L. innocua,208,12,2810000,37.36,554747,138.453,PRJNA561882,SRR11344126,JAARXP000000000,L6,AR
L7-0317,AR-FR-1,Listeria,L. innocua,128,15,2882025,37.31,475666,176.294,PRJNA561882,SRR11344125,JAARXO000000000,L6,AR
L7-0323,AR-FR-3,Listeria,L. monocytogenes,213,11,2921314,37.99,1471583,207.359,PRJNA561882,SRR10019260,VTJW00000000,L1,AR
L7-0325,AR-FR-3,Listeria,L. monocytogenes,90,8,2839512,38.05,1432169,158.906,PRJNA561882,SRR10019191,VTJV00000000,L1,AR
L7-0327,KY-RR-1,Listeria,L. monocytogenes,57,12,2857803,37.91,1454930,213.464,PRJNA561882,SRR10019192,VTJU00000000,L2,KY
L7-0329,KY-RR-1,Listeria,L. marthii,214,9,2721609,38.79,518466,145.225,PRJNA561882,SRR11344124,JAARXN000000000,L4,KY
L7-0331,KY-RR-1,Listeria,L. marthii,215,11,2708141,38.73,1375048,102.108,PRJNA561882,SRR11344123,JAARXM000000000,L4,KY
L7-0335,KY-RR-2,Listeria,L. booriae,S5030,25,3567458,42.03,387223,59.0053,PRJNA561882,SRR11344122,JAARXL000000000,L12,KY
L7-0337,KY-RR-2,Listeria,L. monocytogenes,57,21,2859979,37.86,362519,133.126,PRJNA514286,SRR9620893,AAHZHV000000000,L2,KY
L7-0339,KY-RR-3,Listeria,L. monocytogenes,100,10,2899397,37.96,526597,139.249,PRJNA561882,SRR10019193,VTJT00000000,L1,KY
L7-0347,KY-RR-4,Listeria,L. monocytogenes,57,16,2862063,37.92,570830,59.1038,PRJNA561882,SRR10019259,VTJS00000000,L2,KY
L7-0349,KY-RR-4,Listeria,L. marthii,216,10,2744568,38.71,503197,144.889,PRJNA561882,SRR11344121,JAARXK000000000,L4,KY
L7-0350,KY-RR-4,Listeria,L. marthii,217,10,2733216,38.75,1410059,160.931,PRJNA561882,SRR11344120,JAARXJ000000000,L4,KY
L7-0355,KY-RR-5,Listeria,L. monocytogenes,137,29,3143364,37.73,379082,118.577,PRJNA561882,SRR10019257,VTJR00000000,L1,KY
L7-0360,KY-RR-5,Listeria,L. booriae,S5031,27,3719764,41.84,418404,74.7688,PRJNA561882,SRR11344118,JAARXI000000000,L12,KY
L7-0361,NY-BM-1,Listeria,L. welshimeri,19,12,2763121,36.19,519329,189.11,PRJNA561882,SRR11344117,JAARXH000000000,L8,NY
L7-0367,NY-BM-2,Listeria,L. marthii,136,9,2790333,38.59,565076,216.897,PRJNA561882,SRR11344116,JAARXG000000000,L4,NY
L7-0368,NY-BM-2,Listeria,L. marthii,18,9,2780794,38.63,531285,190.106,PRJNA561882,SRR11344115,JAARXF000000000,L4,NY
L7-0369,NY-BM-2,Listeria,L. marthii,218,14,2930998,38.59,500293,116.56,PRJNA561882,SRR11344114,JAARXE000000000,L4,NY
L7-0370,NY-BM-2,Listeria,L. booriae,S5032,23,3607809,41.82,292954,118.413,PRJNA561882,SRR11344113,JAARXD000000000,L12,NY
L7-0371,NY-BM-2,Listeria,L. welshimeri,21,17,2919603,36.12,455263,163.216,PRJNA561882,SRR11344112,JAARXC000000000,L8,NY
L7-0373,NY-BM-3,Listeria,L. marthii,136,12,2752366,38.65,506079,119.733,PRJNA561882,SRR11344111,JAARXB000000000,L4,NY
L7-0375,NY-BM-3,Listeria,L. monocytogenes,64,16,2879590,37.91,510374,133.318,PRJNA561882,SRR10019194,VTJQ00000000,L3,NY
L7-0379,NY-BM-5,Listeria,L. monocytogenes,159,16,2875484,37.89,430856,162.954,PRJNA561882,SRR10019195,VTJP00000000,L2,NY
L7-0381,NY-BM-5,Listeria,L. welshimeri,15,31,2829344,36.24,253748,251.968,PRJNA561882,SRR11344110,JAARXA000000000,L8,NY
L7-0384,NY-BM-5,Listeria,L. welshimeri,16,19,2889699,36.19,384202,135.09,PRJNA561882,SRR11344109,JAARWZ000000000,L8,NY
L7-0385,NY-BM-5,Listeria,L. booriae,S5033,24,3466236,42.06,376537,159.43,PRJNA561882,SRR11344107,JAARWY000000000,L12,NY
L7-0387,TX-CB-2,Listeria,L. welshimeri,219,13,2761935,36.32,524445,212.874,PRJNA561882,SRR11344106,JAARWX000000000,L8,TX
L7-0393,TX-CB-4,Listeria,L. welshimeri,178,17,2733024,36.23,373372,69.3152,PRJNA561882,SRR11344105,JAASWR000000000,L8,TX
L7-0399,IL-PM-1,Listeria,L. monocytogenes,107,15,2846562,38.03,486828,55.6144,PRJNA561882,SRR10019196,VTJO00000000,L1,IL
L7-0401,IL-PM-1,Listeria,L. seeligeri,24,25,2868978,37.19,384427,36.6899,PRJNA561882,SRR11344104,JAASWQ000000000,L9,IL
L7-0403,IL-PM-1,Listeria,L. monocytogenes,220,15,2875342,38.05,1447653,59.645,PRJNA561882,SRR10019197,VTJN00000000,L1,IL
L7-0407,IL-PM-2,Listeria,L. monocytogenes,90,13,2806286,38.13,497500,30.6561,PRJNA561882,SRR10019198,VTJM00000000,L1,IL
L7-0408,IL-PM-2,Listeria,L. monocytogenes,107,16,2847720,38.02,514454,34.8553,PRJNA561882,SRR10019199,VTJL00000000,L1,IL
L7-0410,IL-PM-2,Listeria,L. monocytogenes,221,21,2829855,38.06,297369,37.2597,PRJNA561882,SRR10019200,VTJK00000000,L1,IL
L7-0411,IL-PM-2,Listeria,L. monocytogenes,222,11,2845241,38.02,1456564,48.4312,PRJNA561882,SRR10019201,VTJJ00000000,L1,IL
L7-0415,IL-PM-3,Listeria,L. monocytogenes,90,15,2842453,38.07,517187,68.6872,PRJNA561882,SRR10019202,VTJI00000000,L1,IL
L7-0419,IL-PM-3,Listeria,L. monocytogenes,223,10,2847530,38.05,497866,149.785,PRJNA514286,SRR9845434,AAJADN000000000,L1,IL
L7-0421,IL-PM-4,Listeria,L. monocytogenes,90,14,2834759,38.07,517396,36.2711,PRJNA561882,SRR10019204,VTJH00000000,L1,IL
L7-0427,SC-AJ-1,Listeria,L. monocytogenes,57,22,3027124,37.76,275698,40.8925,PRJNA561882,SRR10019205,VTJG00000000,L2,SC
L7-0435,SC-AJ-2,Listeria,L. booriae,S5034,104,3671426,41.59,435646,129.791,PRJNA561882,SRR11344103,JAARWW000000000,L12,SC
L7-0437,SC-AJ-3,Listeria,L. monocytogenes,224,48,3182705,37.79,373728,49.7428,PRJNA561882,SRR10019206,VTJF00000000,L1,SC
L7-0443,SC-AJ-4,Listeria,L. monocytogenes,57,19,2940593,37.81,285593,140.077,PRJNA514286,SRR9845431,AAJADK000000000,L2,SC
L7-0451,SC-AJ-5,Listeria,L. monocytogenes,57,14,2885688,37.89,713383,50.8465,PRJNA561882,SRR10019207,VTJE00000000,L2,SC
L7-0459,AL-CSP-3,Listeria,L. booriae,S5035,22,3560257,41.98,443909,129.292,PRJNA561882,SRR11344102,JAARWV000000000,L12,AL
L7-0463,AL-CSP-4,Listeria,L. monocytogenes,202,14,2884086,37.86,420703,38.208,PRJNA561882,SRR10019208,VTJD00000000,L2,AL
L7-0466,AL-CSP-4,Listeria,L. monocytogenes,57,18,2916942,37.79,518412,38.6704,PRJNA561882,SRR10019209,VTJC00000000,L2,AL
L7-0471,AL-CSP-5,Listeria,L. monocytogenes,57,15,2905635,37.84,571054,47.8342,PRJNA561882,SRR10019210,VTJB00000000,L2,AL
L7-0478,AL-CSP-5,Listeria,L. cossartiae,225,10,2750589,38.88,1409620,40.9327,PRJNA561882,SRR11344101,JAASWP000000000,L5,AL
L7-0479,DE-WC-1,Listeria,L. monocytogenes,57,17,2993237,37.75,547834,34.4917,PRJNA561882,SRR10019211,VTJA00000000,L2,DE
L7-0480,DE-WC-1,Listeria,L. welshimeri,226,38,2836583,36.13,198179,50.224,PRJNA561882,SRR11344100,JAASWO000000000,L8,DE
L7-0481,DE-WC-2,Listeria,L. welshimeri,27,17,2813207,36.21,521694,39.226,PRJNA561882,SRR11344099,JAASWN000000000,L8,DE
L7-0486,DE-WC-2,Listeria,L. welshimeri,21,36,2839016,36.1,182179,63.8995,PRJNA561882,SRR11344098,JAASWM000000000,L8,DE
L7-0487,DE-WC-3,Listeria,L. monocytogenes,59,15,2939178,37.78,559830,32.2504,PRJNA561882,SRR10019212,VTIZ00000000,L2,DE
L7-0489,DE-WC-3,Listeria,L. welshimeri,17,45,2841165,36.22,117865,42.2268,PRJNA561882,SRR11344255,JAASWL000000000,L8,DE
L7-0493,DE-WC-5,Listeria,L. welshimeri,17,43,2841552,36.22,135292,41.4905,PRJNA561882,SRR11344158,JAASWK000000000,L8,DE
L7-0495,CA-NM-3,Listeria,L. monocytogenes,227,60,3097343,37.61,101660,161.327,PRJNA514286,SRR9845432,AAJADM000000000,L2,CA
L7-0503,PA-BE-1,Listeria,L. marthii,228,14,2801187,38.7,527603,38.6439,PRJNA561882,SRR11344157,JAASWJ000000000,L4,PA
L7-0504,PA-BE-1,Listeria,L. marthii,229,16,2729829,38.76,482141,75.6558,PRJNA561882,SRR11344156,JAASWI000000000,L4,PA
L7-0509,PA-BE-2,Listeria,L. booriae,S5036,47,3486412,42.04,278040,134.425,PRJNA561882,SRR11344155,JAARWU000000000,L12,PA
L7-0510,PA-BE-2,Listeria,L. booriae,S5037,32,3493443,41.99,345859,47.3118,PRJNA561882,SRR11344154,JAASWH000000000,L12,PA
L7-0514,PA-BE-2,Listeria,L. booriae,S5033,13,3429465,42.03,639244,197.771,PRJNA561882,SRR11344153,JAARWT000000000,L12,PA
L7-0515,PA-BE-3,Listeria,L. marthii,230,13,2695057,38.77,463037,36.4076,PRJNA561882,SRR11344152,JAASWG000000000,L4,PA
L7-0519,PA-BE-3,Listeria,L. booriae,S5038,29,3502926,42.07,262525,84.8207,PRJNA561882,SRR11344151,JAARWS000000000,L12,PA
L7-0520,PA-BE-3,Listeria,L. booriae,S5036,45,3488953,42.05,313930,97.6527,PRJNA561882,SRR11344150,JAASWF000000000,L12,PA
L7-0521,PA-BE-4,Listeria,L. monocytogenes,57,27,2900052,37.83,503409,36.8709,PRJNA561882,SRR10019213,VTIY00000000,L2,PA
L7-0523,PA-BE-4,Listeria,L. marthii,231,13,2733056,38.73,471819,31.5225,PRJNA561882,SRR11344148,JAASWE000000000,L4,PA
L7-0527,PA-BE-4,Listeria,L. booriae,S5018,16,3527062,42,547019,40.0926,PRJNA561882,SRR11344147,JAASWD000000000,L12,PA
L7-0529,PA-BE-5,Listeria,L. marthii,168,14,2770352,38.61,481057,68.5587,PRJNA561882,SRR11344146,JAASWC000000000,L4,PA
L7-0530,PA-BE-5,Listeria,L. marthii,232,18,2748682,38.67,479273,56.1201,PRJNA561882,SRR11344145,JAASWB000000000,L4,PA
L7-0535,PA-SGL-1,Listeria,L. monocytogenes,79,25,3219170,37.56,488033,35.8653,PRJNA561882,SRR10019215,VTIX00000000,L1,PA
L7-0543,PA-SGL-2,Listeria,L. monocytogenes,57,15,2867680,37.91,522850,41.2132,PRJNA561882,SRR10019216,VTIW00000000,L2,PA
L7-0545,PA-SGL-2,Listeria,L. welshimeri,19,20,2716866,36.26,387298,44.6255,PRJNA561882,SRR11344144,JAASWA000000000,L8,PA
L7-0546,PA-SGL-2,Listeria,L. monocytogenes,62,14,2886323,38.06,559576,60.8833,PRJNA561882,SRR10019217,VTIV00000000,L1,PA
L7-0551,PA-SGL-3,Listeria,L. monocytogenes,62,15,2886521,38.05,510838,44.5421,PRJNA561882,SRR10019218,VTIU00000000,L1,PA
L7-0559,NY-TS-1,Listeria,L. seeligeri,4,13,2809262,37.2,465151,49.5377,PRJNA561882,SRR11344143,JAASVZ000000000,L10,NY
L7-0567,NY-TS-3,Listeria,L. seeligeri,3,16,2887085,37.25,528333,59.2157,PRJNA561882,SRR11344142,JAASVY000000000,L10,NY
L7-0573,NY-TS-4,Listeria,L. seeligeri,4,15,2807980,37.2,309949,43.1819,PRJNA561882,SRR11344141,JAARWR000000000,L10,NY
L7-0579,NY-TS-5,Listeria,L. seeligeri,4,16,2809212,37.2,424512,39.8949,PRJNA561882,SRR11344140,JAASVX000000000,L10,NY
L7-0580,NY-TS-5,Listeria,L. seeligeri,1,43,2899413,37.16,117978,30.6874,PRJNA561882,SRR11344139,JAASVW000000000,L10,NY
L7-0586,NY-TS-5,Listeria,L. seeligeri,3,18,2886211,37.22,478952,50.1254,PRJNA561882,SRR11344137,JAASVV000000000,L10,NY
L7-0587,MD-SERC-1,Listeria,L. booriae,S5039,20,3521507,41.9,587058,152.214,PRJNA561882,SRR11344136,JAARWQ000000000,L12,MD
L7-0593,MD-SERC-2,Listeria,L. monocytogenes,233,20,2903023,38.02,241857,54.1623,PRJNA561882,SRR10019256,VTIT00000000,L1,MD
L7-0594,MD-SERC-2,Listeria,L. monocytogenes,61,35,2982942,37.84,354847,66.0735,PRJNA561882,SRR10019255,VTIS00000000,L3,MD
L7-0601,MD-SERC-3,Listeria,L. monocytogenes,96,16,2902713,38.08,484403,163.244,PRJNA514286,SRR9845429,AAJADI000000000,L1,MD
L7-0602,MD-SERC-3,Listeria,L. monocytogenes,57,19,2888754,37.87,432233,33.7016,PRJNA561882,SRR10019219,VTIR00000000,L2,MD
L7-0605,MD-SERC-3,Listeria,L. booriae,S5039,28,3472877,42.02,280447,143.676,PRJNA561882,SRR11344135,JAASVU000000000,L12,MD
L7-0609,MD-SERC-4,Listeria,L. monocytogenes,57,18,2888309,37.87,432235,171.111,PRJNA514286,SRR9845430,AAJADH000000000,L2,MD
L7-0617,MD-SERC-5,Listeria,L. seeligeri,7,57,2780562,37.4,95341,40.2617,PRJNA561882,SRR11344134,JAASVT000000000,L10,MD
L7-0623,IN-RH-1,Listeria,L. monocytogenes,62,17,2908523,38,508587,45.2137,PRJNA561882,SRR10019220,VTIQ00000000,L1,IN
L7-0624,IN-RH-1,Listeria,L. monocytogenes,80,15,2877931,38.05,549936,61.6152,PRJNA561882,SRR10019221,VTIP00000000,L1,IN
L7-0625,IN-RH-1,Listeria,L. monocytogenes,234,15,2903460,38,514990,45.7647,PRJNA561882,SRR10019254,VTIO00000000,L1,IN
L7-0626,IN-RH-1,Listeria,L. monocytogenes,235,17,2885257,38.17,539205,65.9751,PRJNA561882,SRR10019252,VTIN00000000,L1,IN
L7-0627,IN-RH-1,Listeria,L. monocytogenes,236,18,2894325,37.96,482169,36.831,PRJNA561882,SRR10019222,VTIM00000000,L1,IN
L7-0629,IN-RH-1,Listeria,L. monocytogenes,192,16,2838182,38.07,497471,66.5512,PRJNA561882,SRR10019223,VTIL00000000,L1,IN
L7-0631,IN-RH-2,Listeria,L. monocytogenes,235,54,2964190,38.04,543297,56.0015,PRJNA561882,SRR10019224,VTIK00000000,L1,IN
L7-0633,IN-RH-2,Listeria,L. monocytogenes,62,15,2889907,38.02,473556,31.296,PRJNA561882,SRR10019251,VTIJ00000000,L1,IN
L7-0635,IN-RH-2,Listeria,L. monocytogenes,195,14,2842192,38.1,466968,40.0747,PRJNA561882,SRR10019250,VTII00000000,L1,IN
L7-0639,IN-RH-3,Listeria,L. monocytogenes,100,18,2863959,38.05,341202,32.4753,PRJNA561882,SRR10019225,VTIH00000000,L1,IN
L7-0640,IN-RH-3,Listeria,L. monocytogenes,82,14,2904162,38.01,501155,41.9693,PRJNA561882,SRR10019226,VTIG00000000,L1,IN
L7-0641,IN-RH-3,Listeria,L. monocytogenes,90,20,2979849,37.93,440171,39.0111,PRJNA561882,SRR10019227,VTIF00000000,L1,IN
L7-0647,IN-RH-4,Listeria,L. monocytogenes,100,16,2859697,38.06,497078,35.9394,PRJNA561882,SRR10019249,VTIE00000000,L1,IN
L7-0648,IN-RH-4,Listeria,L. monocytogenes,104,10,2913968,37.94,1469697,188.921,PRJNA514286,SRR9845427,AAJADF000000000,L1,IN
L7-0649,IN-RH-4,Listeria,L. monocytogenes,62,16,2920622,38.03,500234,40.9535,PRJNA561882,SRR10019247,VTID00000000,L1,IN
L7-0653,IN-RH-4,Listeria,L. monocytogenes,237,19,2866764,38.06,603304,61.9833,PRJNA561882,SRR10019246,VTIC00000000,L1,IN
L7-0655,IN-RH-5,Listeria,L. monocytogenes,104,11,2857037,38.07,540509,65.8609,PRJNA561882,SRR10019245,VTIB00000000,L1,IN
L7-0661,IN-EC-1,Listeria,L. monocytogenes,192,14,2818438,38.21,525069,68.6473,PRJNA561882,SRR10019244,VTIA00000000,L1,IN
L7-0662,IN-EC-1,Listeria,L. monocytogenes,238,14,2870493,38.1,529101,156.568,PRJNA561882,SRR10019243,VTHZ00000000,L1,IN
L7-0666,IN-EC-1,Listeria,L. monocytogenes,80,15,2835888,38.1,1432886,54.8322,PRJNA561882,SRR10019242,VTHY00000000,L1,IN
L7-0669,IN-EC-2,Listeria,L. monocytogenes,192,13,2863832,38.09,1474374,38.5571,PRJNA561882,SRR10019241,VTHX00000000,L1,IN
L7-0672,IN-EC-2,Listeria,L. monocytogenes,80,13,2984664,37.94,1529410,81.1121,PRJNA561882,SRR10019240,VTHW00000000,L1,IN
L7-0677,IN-EC-3,Listeria,L. monocytogenes,62,15,2874504,38.05,521978,37.8081,PRJNA561882,SRR10019239,VTHV00000000,L1,IN
L7-0678,IN-EC-3,Listeria,L. monocytogenes,239,12,2849605,38.08,501247,46.1455,PRJNA561882,SRR10019238,VTHU00000000,L1,IN
L7-0679,IN-EC-3,Listeria,L. seeligeri,122,51,2908897,37.21,310980,44.6597,PRJNA561882,SRR11344133,JAASVS000000000,L9,IN
L7-0680,IN-EC-3,Listeria,L. monocytogenes,240,16,2940154,38.03,477070,56.5906,PRJNA561882,SRR10019236,VTHT00000000,L1,IN
L7-0681,IN-EC-3,Listeria,L. seeligeri,12,44,2862885,37.2,119837,32.9047,PRJNA561882,SRR11344132,JAARWP000000000,L9,IN
L7-0683,IN-EC-3,Listeria,L. monocytogenes,100,11,2852617,38.09,480487,123.119,PRJNA561882,SRR10019235,VTHS00000000,L1,IN
L7-0685,IN-EC-5,Listeria,L. monocytogenes,82,15,2845090,38.14,484184,69.7368,PRJNA561882,SRR10019234,VTHR00000000,L1,IN
L7-0693,MN-BR-1,Listeria,L. welshimeri,16,19,2835607,36.23,389828,51.2908,PRJNA561882,SRR11344131,JAASVR000000000,L8,MN
L7-0699,MN-BR-2,Listeria,L. welshimeri,241,18,2860150,36.2,360690,42.5239,PRJNA561882,SRR11344130,JAASVQ000000000,L8,MN
L7-0705,MN-BR-3,Listeria,L. welshimeri,19,14,2776723,36.26,503959,85.2151,PRJNA561882,SRR11344129,JAASVP000000000,L8,MN
L7-0708,MN-BR-3,Listeria,L. welshimeri,16,26,2841861,36.18,526428,41.0351,PRJNA561882,SRR11344128,JAASVO000000000,L8,MN
L7-0711,MN-BR-4,Listeria,L. welshimeri,129,39,2738948,36.23,128978,34.7418,PRJNA561882,SRR11344001,JAASVN000000000,L8,MN
L7-0713,MN-BR-4,Listeria,L. welshimeri,16,11,2750251,36.2,498966,42.2985,PRJNA561882,SRR11344000,JAASVM000000000,L8,MN
L7-0717,MN-BR-5,Listeria,L. welshimeri,16,17,2896818,36.14,523217,39.858,PRJNA561882,SRR11343999,JAASVL000000000,L8,MN
L7-0719,MN-BR-5,Listeria,L. welshimeri,19,17,2729592,36.3,368506,54.3147,PRJNA561882,SRR11343998,JAASVK000000000,L8,MN
L7-0723,MN-MS-1,Listeria,L. seeligeri,24,29,2865145,37.19,213274,57.169,PRJNA561882,SRR11343997,JAASVJ000000000,L9,MN
L7-0724,MN-MS-1,Listeria,L. seeligeri,12,86,2943532,37.17,222864,176.47,PRJNA561882,SRR11343996,JAASVI000000000,L9,MN
L7-0729,MN-MS-3,Listeria,L. booriae,S5040,30,3359282,41.72,268002,46.8739,PRJNA561882,SRR11343995,JAASVH000000000,L12,MN
L7-0735,MN-MS-5,Listeria,L. welshimeri,19,14,2779927,36.29,578706,202.294,PRJNA561882,SRR11343994,JAARWO000000000,L8,MN
L7-0737,MN-MS-5,Listeria,L. welshimeri,16,18,2728229,36.29,375226,66.7598,PRJNA561882,SRR11343993,JAASVG000000000,L8,MN
L7-0741,MN-MS-4,Listeria,L. grandensis,S5041,47,3434877,41.9,126344,42.0148,PRJNA561882,SRR11343992,JAARWN000000000,-,MN
L7-0745,OR-MR-1,Listeria,L. monocytogenes,67,18,2962139,37.84,465323,221.236,PRJNA514286,SRR9845428,AAJADD000000000,L3,OR
L7-0748,OR-MR-1,Listeria,L. seeligeri,28,27,2853003,37.33,303863,54.1143,PRJNA561882,SRR11343990,JAASVF000000000,L10,OR
L7-0751,NM-GNF-5,Listeria,L. grayi,S5042,23,2765138,41.5,386710,58.1162,PRJNA561882,SRR11343989,JAASVE000000000,-,NM
L7-0755,OH-MSF-1,Listeria,L. monocytogenes,137,13,2899141,38.09,1458171,69.2272,PRJNA561882,SRR10019233,VTHQ00000000,L1,OH
L7-0763,OH-MSF-2,Listeria,L. monocytogenes,137,14,2908761,38.05,491628,32.2036,PRJNA561882,SRR10019232,VTHP00000000,L1,OH
L7-0764,OH-MSF-2,Listeria,L. monocytogenes,192,11,2866461,38.05,571988,76.05,PRJNA561882,SRR10019231,VTHO00000000,L1,OH
L7-0767,OH-MSF-2,Listeria,L. booriae,S5043,31,3585551,41.88,358560,56.0079,PRJNA561882,SRR11343988,JAASVD000000000,L12,OH
L7-0769,OH-MSF-3,Listeria,L. monocytogenes,61,18,2887506,37.9,298615,180.204,PRJNA514286,SRR9845425,AAJACZ000000000,L3,OH
L7-0777,MA-BW-1,Listeria,L. monocytogenes,57,21,2939136,37.82,377783,65.0999,PRJNA561882,SRR10019230,VTHN00000000,L2,MA
L7-0783,MA-BW-2,Listeria,L. seeligeri,3,17,2894305,37.3,514333,70.827,PRJNA561882,SRR11343987,JAASVC000000000,L10,MA
L7-0789,OK-KSP-1,Listeria,L. innocua,243,28,3000427,37.22,519042,41.0754,PRJNA561882,SRR11343986,JAASVB000000000,L6,OK
L7-0794,OK-KSP-1,Listeria,L. innocua,244,115,3175107,37.19,348360,368.944,PRJNA561882,SRR11343985,JAARWM000000000,L6,OK
L7-0795,OK-KSP-3,Listeria,L. innocua,243,33,3000907,37.21,518966,125.063,PRJNA561882,SRR11343984,JAARWL000000000,L6,OK
L7-0796,OK-KSP-3,Listeria,L. innocua,245,29,3045582,37.15,287570,72.6834,PRJNA561882,SRR11343983,JAARWK000000000,L6,OK
L7-0801,PA-RC-1,Listeria,L. monocytogenes,59,21,2919221,37.8,461192,98.4154,PRJNA514286,SRR9091434,AADZXA000000000,L2,PA
L7-0802,PA-RC-1,Listeria,L. seeligeri,12,27,2844527,37.29,340406,102.444,PRJNA561882,SRR11343982,JAARWJ000000000,L9,PA
L7-0809,PA-RC-2,Listeria,L. monocytogenes,57,24,2892594,37.83,252438,98.0829,PRJNA514286,SRR9090951,AADZWO000000000,L2,PA
L7-0811,PA-RC-2,Listeria,L. booriae,S5044,51,3533262,41.94,442305,54.4237,PRJNA561882,SRR11343981,JAARWI000000000,L12,PA
L7-0815,PA-RC-3,Listeria,L. booriae,S5004,143,3470008,42.01,544674,65.4516,PRJNA561882,SRR11343979,JAARWH000000000,L12,PA
L7-0816,PA-RC-3,Listeria,L. booriae,S5044,37,3383110,42.1,221642,117.227,PRJNA561882,SRR11343978,JAARWG000000000,L12,PA
L7-0817,PA-RC-3,Listeria,L. monocytogenes,79,10,2854824,38.12,486315,129.978,PRJNA514286,SRR9090947,AADZWM000000000,L1,PA
L7-0818,PA-RC-3,Listeria,L. booriae,S5045,16,3428181,42.01,547170,184.689,PRJNA561882,SRR11343977,JAARWF000000000,L12,PA
L7-0819,PA-RC-4,Listeria,L. monocytogenes,57,44,2995703,37.7,156329,97.8251,PRJNA514286,SRR9090944,AADZWP000000000,L2,PA
L7-0827,PA-RC-5,Listeria,L. monocytogenes,57,26,2893168,37.83,273936,89.2104,PRJNA514286,SRR9090959,AADZWU000000000,L2,PA
L7-0829,PA-RC-5,Listeria,L. monocytogenes,240,18,2869089,38.1,309331,121.612,PRJNA514286,SRR9090954,AADZWI000000000,L1,PA
L7-0830,PA-RC-5,Listeria,L. monocytogenes,79,22,2799807,38.16,352205,85.0634,PRJNA514286,SRR9090929,AADZWH000000000,L1,PA
L7-0835,OH-KPW-2,Listeria,L. seeligeri,12,24,2821737,37.25,225868,95.5984,PRJNA561882,SRR11343976,JAARWE000000000,L9,OH
L7-0836,OH-KPW-3,Listeria,L. seeligeri,12,37,2856921,37.21,177122,315.365,PRJNA561882,SRR11343975,JAASVA000000000,L9,OH
L7-0842,OH-DSP-2,Listeria,L. seeligeri,12,31,2957788,37.23,174386,118.154,PRJNA561882,SRR11343974,JAARWD000000000,L9,OH
L7-0843,OH-DSP-2,Listeria,L. monocytogenes,236,30,2824693,38.07,229661,132.781,PRJNA514286,SRR9090913,AADZWB000000000,L1,OH
L7-0844,OH-DSP-3,Listeria,L. seeligeri,12,41,2910523,37.26,137090,167.827,PRJNA561882,SRR11343973,JAARWC000000000,L9,IN
L7-0845,OH-DSP-3,Listeria,L. monocytogenes,106,42,2904850,37.95,147532,121.85,PRJNA514286,SRR9090892,AADZWD000000000,L1,IN
L7-0846,OH-DSP-5,Listeria,L. monocytogenes,61,31,2885182,37.91,134997,114.692,PRJNA514286,SRR9090904,AADZWE000000000,L3,OH
L7-0854,IN-SS-1,Listeria,L. monocytogenes,62,26,2867868,38.03,310184,139.713,PRJNA514286,SRR9090884,AADZVY000000000,L1,IN
L7-0859,IN-SS-1,Listeria,L. booriae,S5046,36,3688410,41.85,589124,41.0071,PRJNA561882,SRR11343972,JAARWB000000000,L12,IN
L7-0862,IN-SS-2,Listeria,L. monocytogenes,246,43,2861567,38.07,129986,125.895,PRJNA514286,SRR9090902,AADZWC000000000,L1,IN
L7-0863,IN-SS-2,Listeria,L. monocytogenes,79,28,2857207,38.12,218311,100.688,PRJNA514286,SRR9090903,AADZWG000000000,L1,IN
L7-0866,IN-SS-2,Listeria,L. monocytogenes,240,13,2930658,37.98,490393,121.699,PRJNA514286,SRR9845426,AAJADG000000000,L1,IN
L7-0868,IN-SS-3,Listeria,L. monocytogenes,247,46,2981082,37.97,119576,110.382,PRJNA514286,SRR9090957,AADZWX000000000,L1,IN
L7-0874,IN-SS-4,Listeria,L. monocytogenes,196,26,2862941,38.04,205914,123.069,PRJNA514286,SRR9090926,AADZWN000000000,L1,IN
L7-0875,IN-SS-4,Listeria,L. seeligeri,12,27,2867860,37.24,294151,210.258,PRJNA561882,SRR11343971,JAARWA000000000,L9,IN
L7-0880,IN-SS-5,Listeria,L. monocytogenes,240,50,2890349,38.05,113262,145.943,PRJNA514286,SRR9090932,AADZWQ000000000,L1,IN
L7-0888,ME-BC-2,Listeria,L. seeligeri,7,97,2849901,37.22,197786,93.8291,PRJNA561882,SRR11343970,JAARVZ000000000,L10,ME
L7-0896,SD-DN-1,Listeria,L. seeligeri,12,34,2806803,37.19,222865,61.4003,PRJNA561882,SRR11343968,JAARVY000000000,L9,SD
L7-0898,SD-AS-1,Listeria,L. seeligeri,72,21,2813190,37.24,321737,109.792,PRJNA561882,SRR11343967,JAARVX000000000,L9,SD
L7-0900,SD-AS-1,Listeria,L. seeligeri,12,35,2914664,37.18,172083,48.0064,PRJNA561882,SRR11343966,JAARVW000000000,L9,SD
L7-0904,SD-AS-2,Listeria,L. seeligeri,12,84,2873526,37.15,223096,82.4177,PRJNA561882,SRR11343965,JAARVV000000000,L9,SD
L7-0905,SD-AS-2,Listeria,L. welshimeri,16,12,2807932,36.27,1492702,103.082,PRJNA561882,SRR11343964,JAARVU000000000,L8,SD
L7-0910,SD-AS-3,Listeria,L. welshimeri,27,29,2798249,36.08,332483,57.9811,PRJNA561882,SRR11343963,JAARVT000000000,L8,SD
L7-0912,SD-AS-3,Listeria,L. seeligeri,12,30,2869668,37.21,222866,69.2937,PRJNA561882,SRR11343962,JAARVS000000000,L9,SD
L7-0916,IA-BC-1,Listeria,L. seeligeri,12,50,2874766,37.18,121959,59.462,PRJNA561882,SRR11343961,JAARVR000000000,L9,IA
L7-0920,IA-BC-3,Listeria,L. seeligeri,20,118,2972756,37.24,364951,85.3972,PRJNA561882,SRR11343960,JAARVQ000000000,L9,IA
L7-0921,IA-BC-3,Listeria,L. monocytogenes,221,50,2818172,38.11,111853,118.378,PRJNA514286,SRR9090961,AADZWT000000000,L1,IA
L7-0922,IA-BC-4,Listeria,L. seeligeri,20,19,2815987,37.24,364951,68.1491,PRJNA561882,SRR11343959,JAARVP000000000,L9,IA
L7-0925,IA-BC-4,Listeria,L. seeligeri,12,29,2906180,37.17,222852,155.546,PRJNA561882,SRR11343957,JAARVO000000000,L9,IA
L7-0926,IA-BC-5,Listeria,L. monocytogenes,107,26,2853270,38.05,188821,113.814,PRJNA514286,SRR9090960,AADZWR000000000,L1,IA
L7-0929,IA-BC-5,Listeria,L. seeligeri,12,23,2832261,37.2,254091,294.675,PRJNA561882,SRR11343956,JAATNZ000000000,L9,IA
L7-0934,IA-CB-1,Listeria,L. seeligeri,24,120,2994175,37.21,288703,247.432,PRJNA561882,SRR11343955,JAASUZ000000000,L9,IA
L7-0937,IA-CB-1,Listeria,L. seeligeri,12,92,2920804,37.1,222864,275.918,PRJNA561882,SRR11343954,JAASUY000000000,L9,IA
L7-0940,IA-CB-2,Listeria,L. seeligeri,12,43,2909360,37.23,152767,256.523,PRJNA561882,SRR11343953,JAARVN000000000,L9,IA
L7-0946,IA-CB-3,Listeria,L. seeligeri,12,218,2955913,37.22,168499,91.1838,PRJNA561882,SRR11343952,JAARVM000000000,L9,IA
L7-0948,IA-CB-4,Listeria,L. seeligeri,24,21,2891576,37.22,315777,108.871,PRJNA561882,SRR11343951,JAARVL000000000,L9,IA
L7-0949,IA-CB-4,Listeria,L. seeligeri,12,31,2830995,37.15,191376,86.9343,PRJNA561882,SRR11343950,JAARVK000000000,L9,IA
L7-0950,IA-CB-5,Listeria,L. seeligeri,12,22,2837756,37.18,240906,259.731,PRJNA561882,SRR11343949,JAASUX000000000,L9,IA
L7-0952,IA-CB-5,Listeria,L. seeligeri,248,36,2940742,37.1,200459,206.727,PRJNA561882,SRR11343948,JAASUW000000000,L9,IA
L7-0957,IA-CB-5,Listeria,L. monocytogenes,61,20,3014263,37.74,300273,73.2791,PRJNA514286,SRR9206851,AAFFJY000000000,L3,IA
L7-0958,IL-CL-1,Listeria,L. monocytogenes,99,27,2868983,38.14,362869,76.7863,PRJNA514286,SRR9206855,AAFFJZ000000000,L1,IL
L7-0960,IL-CL-1,Listeria,L. monocytogenes,62,13,2889271,37.99,507250,90.2522,PRJNA514286,SRR9206863,AAFFKD000000000,L1,IL
L7-0964,IL-CL-2,Listeria,L. welshimeri,249,35,2737260,36.25,1441163,316.114,PRJNA561882,SRR11343946,JAARVJ000000000,L8,IL
L7-0970,IL-CL-4,Listeria,L. seeligeri,24,41,2978376,37.18,342068,90.0977,PRJNA561882,SRR11343945,JAARVI000000000,L9,IL
L7-0973,IL-CL-4,Listeria,L. monocytogenes,62,15,3016293,37.83,474161,64.032,PRJNA514286,SRR9206874,AAFFKQ000000000,L1,IL
L7-0976,IL-CL-4,Listeria,L. seeligeri,12,27,2848091,37.26,319177,54.3355,PRJNA561882,SRR11343944,JAARVH000000000,L9,IL
L7-0978,GA-CNF-1,Listeria,L. booriae,S5047,38,3627270,41.88,190692,155.747,PRJNA561882,SRR11343943,JAARVG000000000,L12,GA
L7-0979,GA-CNF-1,Listeria,L. booriae,S5048,289,3749367,41.62,560064,91.1713,PRJNA561882,SRR11343942,JAARVF000000000,L12,GA
L7-0983,GA-CNF-1,Listeria,L. monocytogenes,250,36,2986695,37.78,254321,48.478,PRJNA514286,SRR9206846,AAFFJR000000000,L2,GA
L7-0984,GA-CNF-2,Listeria,L. booriae,S5049,15,3718859,41.77,676148,63.1189,PRJNA561882,SRR11343941,JAARVE000000000,L12,GA
L7-0990,GA-CNF-4,Listeria,L. booriae,S5050,19,3843235,41.62,389890,44.6112,PRJNA561882,SRR11343940,JAARVD000000000,L12,GA
L7-0993,GA-CNF-5,Listeria,L. cossartiae,251,29,2817180,38.61,335203,95.841,PRJNA561882,SRR11343939,JAASUV000000000,-,GA
L7-0994,GA-CNF-5,Listeria,L. booriae,S5051,42,3684869,41.79,237775,53.0966,PRJNA561882,SRR11343938,JAARVC000000000,L12,GA
L7-0999,SD-OL-2,Listeria,L. seeligeri,24,32,2899581,37.11,188421,89.5841,PRJNA561882,SRR11343937,JAARVB000000000,L9,SD
L7-1000,SD-OL-2,Listeria,L. seeligeri,121,33,2875961,37.17,188912,95.3982,PRJNA561882,SRR11343935,JAARVA000000000,L9,SD
L7-1005,SD-OL-3,Listeria,L. welshimeri,27,13,2819132,36.19,540747,127.675,PRJNA561882,SRR11343934,JAARUZ000000000,L8,SD
L7-1011,SD-OL-4,Listeria,L. welshimeri,129,25,2778058,36.16,374599,91.7718,PRJNA561882,SRR11343933,JAARUY000000000,L8,SD
L7-1013,SD-OL-4,Listeria,L. welshimeri,16,10,2755415,36.2,1462474,168.189,PRJNA561882,SRR11343932,JAARUX000000000,L8,SD
L7-1014,SD-OL-4,Listeria,L. welshimeri,27,15,2866603,36.15,371990,170.436,PRJNA561882,SRR11343931,JAARUW000000000,L8,SD
L7-1017,IL-KS-1,Listeria,L. booriae,S5052,96,3722252,41.6,683582,81.5936,PRJNA561882,SRR11343930,JAARUV000000000,L12,IL
L7-1018,IL-KS-1,Listeria,L. monocytogenes,62,13,2919775,37.93,482559,54.1232,PRJNA514286,SRR9206871,AAFFKK000000000,L1,IL
L7-1021,IL-KS-2,Listeria,L. seeligeri,12,25,2820852,37.24,223393,86.4379,PRJNA561882,SRR11343929,JAARUU000000000,L9,IL
L7-1025,IL-KS-2,Listeria,L. monocytogenes,195,30,2876304,38.06,208846,60.7202,PRJNA514286,SRR9206864,AAFFKR000000000,L1,IL
L7-1026,IL-KS-2,Listeria,L. monocytogenes,90,15,2821882,38.12,367847,82.4937,PRJNA514286,SRR9206860,AAFFKG000000000,L1,IL
L7-1027,IL-KS-4,Listeria,L. monocytogenes,234,11,2820944,38.12,1440994,84.2218,PRJNA514286,SRR9206854,AAFFJX000000000,L1,IL
L7-1035,IL-KS-5,Listeria,L. monocytogenes,62,24,2857784,38.01,509178,62.7455,PRJNA561882,SRR10019229,VTHM00000000,L1,IL
L7-1037,IL-KS-5,Listeria,L. seeligeri,12,30,2870850,37.22,222470,253.486,PRJNA561882,SRR11343928,JAASUU000000000,L9,IL
L7-1041,SD-LH-1,Listeria,L. welshimeri,133,13,2728841,36.28,503396,126.802,PRJNA561882,SRR11343927,JAARUT000000000,L8,SD
L7-1047,SD-LH-2,Listeria,L. seeligeri,12,72,2966092,37.1,75312,74.9506,PRJNA561882,SRR11343926,JAARUS000000000,L9,SD
L7-1049,SD-LH-3,Listeria,L. ivanovii,73,24,2902494,37.04,326901,181.256,PRJNA561882,SRR11343923,JAARUR000000000,-,SD
L7-1050,SD-LH-3,Listeria,L. seeligeri,12,82,2923231,37.12,240906,106.682,PRJNA561882,SRR11343922,JAARUQ000000000,L9,SD
L7-1051,SD-LH-3,Listeria,L. seeligeri,24,36,2793199,37.27,153318,54.3396,PRJNA561882,SRR11343921,JAARUP000000000,L9,SD
L7-1053,SD-LH-4,Listeria,L. seeligeri,24,42,2834893,37.19,188421,121.623,PRJNA561882,SRR11343920,JAARUO000000000,L9,SD
L7-1054,SD-LH-4,Listeria,L. seeligeri,12,53,2869455,37.21,222898,96.4037,PRJNA561882,SRR11343919,JAARUN000000000,L9,SD
L7-1059,SD-SS-1,Listeria,L. innocua,252,12,2831978,37.35,488454,54.1262,PRJNA561882,SRR11343918,JAARUM000000000,L6,MN
L7-1062,SD-SS-1,Listeria,L. innocua,141,17,2798603,37.3,432332,130.473,PRJNA561882,SRR11343917,JAARUL000000000,L6,MN
L7-1063,SD-SS-1,Listeria,L. booriae,S5017,111,3359205,41.71,225949,56.6972,PRJNA561882,SRR11343916,JAARUK000000000,L12,MN
L7-1067,SD-SS-2,Listeria,L. innocua,252,73,2842157,37.24,579315,156.421,PRJNA561882,SRR11343915,JAARUJ000000000,L6,MN
L7-1068,SD-SS-2,Listeria,L. seeligeri,248,41,2892023,37.15,118486,68.1478,PRJNA561882,SRR11343914,JAARUI000000000,L9,MN
L7-1069,SD-SS-2,Listeria,L. booriae,S5040,101,3259273,41.8,68752,69.0033,PRJNA561882,SRR11343912,JAARUH000000000,L12,MN
L7-1070,SD-SS-2,Listeria,L. welshimeri,16,91,2695855,36.36,50572,34.3713,PRJNA561882,SRR11343911,JAARUG000000000,L8,MN
L7-1071,SD-SS-2,Listeria,L. booriae,S5053,23,3352321,41.85,295290,34.6681,PRJNA561882,SRR11343910,JAARUF000000000,L12,MN
L7-1072,SD-SS-2,Listeria,L. seeligeri,72,44,2836200,37.24,131349,33.5601,PRJNA561882,SRR11343909,JAARUE000000000,L9,MN
L7-1073,SD-SS-2,Listeria,L. welshimeri,27,19,2824934,36.13,371971,88.3282,PRJNA561882,SRR11343908,JAARUD000000000,L8,MN
L7-1075,SD-SS-3,Listeria,L. seeligeri,248,36,2912106,37.14,188529,94.6546,PRJNA561882,SRR11343907,JAARUC000000000,L9,MN
L7-1081,SD-SS-4,Listeria,L. seeligeri,12,32,2806881,37.19,222865,121.626,PRJNA561882,SRR11343906,JAARUB000000000,L9,MN
L7-1087,SD-SS-5,Listeria,L. seeligeri,12,31,2806636,37.19,222864,70.9905,PRJNA561882,SRR11344190,JAARUA000000000,L9,MN
L7-1093,GA-SC-4,Listeria,L. monocytogenes,96,66,3185538,37.75,132930,54.7653,PRJNA514286,SRR9206847,AAFFJU000000000,L1,GA
L7-1101,GA-SC-5,Listeria,L. monocytogenes,96,44,3092232,37.8,156188,81.637,PRJNA514286,SRR9206844,AAFFJS000000000,L1,GA
L7-1107,WA-SB-4,Listeria,L. welshimeri,253,74,2888269,36.13,98156,39.207,PRJNA561882,SRR11344189,JAARTZ000000000,L8,WA
L7-1113,MD-AEC-6,Listeria,L. seeligeri,12,33,2834199,37.15,222864,100.366,PRJNA561882,SRR11344188,JAARTY000000000,L9,MD
L7-1117,MD-AEC-7,Listeria,L. seeligeri,12,34,2919453,37.18,222864,88.8699,PRJNA561882,SRR11344186,JAARTX000000000,L9,MD
L7-1123,IL-LW-2,Listeria,L. seeligeri,12,28,2887371,37.18,184665,107.575,PRJNA561882,SRR11344185,JAARTW000000000,L9,IL
L7-1129,IL-LW-3,Listeria,L. monocytogenes,82,27,2850815,38.04,200086,102.408,PRJNA514286,SRR9206610,AAFFJP000000000,L1,IL
L7-1133,IL-LW-4,Listeria,L. seeligeri,24,115,3006157,37.05,238759,77.1201,PRJNA561882,SRR11344184,JAARTV000000000,L9,IL
L7-1134,IL-LW-4,Listeria,L. seeligeri,12,27,2868123,37.2,291490,99.6635,PRJNA561882,SRR11344183,JAARTU000000000,L9,IL
L7-1139,MI-MS-1,Listeria,L. monocytogenes,62,29,2920518,37.99,229154,101.793,PRJNA514286,SRR9206611,AAFFJV000000000,L1,MI
L7-1141,MI-MS-1,Listeria,L. monocytogenes,82,10,2902734,38.02,579130,74.0347,PRJNA514286,SRR9206849,AAFFJW000000000,L1,MI
L7-1145,MI-MS-2,Listeria,L. monocytogenes,254,12,2827163,38.07,479744,76.4779,PRJNA514286,SRR9206837,AAFFJT000000000,L1,MI
L7-1146,MI-MS-2,Listeria,L. monocytogenes,99,12,2868444,38.04,510522,79.3676,PRJNA514286,SRR9206867,AAFFKU000000000,L1,MI
L7-1153,MI-MS-3,Listeria,L. seeligeri,72,21,2860860,37.23,266544,50.4348,PRJNA561882,SRR11344182,JAARTT000000000,L9,MI
L7-1159,MI-MS-4,Listeria,L. seeligeri,12,25,2835931,37.27,319176,58.9013,PRJNA561882,SRR11344181,JAARTS000000000,L9,MI
L7-1165,MI-MS-5,Listeria,L. monocytogenes,82,9,2885972,38.01,525901,59.1564,PRJNA514286,SRR9206873,AAFFKL000000000,L1,MI
L7-1173,NY-CB-5,Listeria,L. monocytogenes,67,20,2897180,37.88,352646,55.6209,PRJNA514286,SRR9206869,AAFFKJ000000000,L3,NY
L7-1175,NY-CB-5,Listeria,L. seeligeri,34,22,2841577,37.19,451504,64.8771,PRJNA561882,SRR11344180,JAARTR000000000,L10,NY
L7-1179,ND-KS-1,Listeria,L. seeligeri,12,37,2918630,37.17,171398,55.1648,PRJNA561882,SRR11344179,JAARTQ000000000,L9,ND
L7-1180,ND-KS-1,Listeria,L. welshimeri,27,25,2813425,36.16,585463,58.2531,PRJNA561882,SRR11344178,JAARTP000000000,L8,ND
L7-1185,ND-KS-2,Listeria,L. welshimeri,27,11,2762892,36.17,1456670,83.501,PRJNA561882,SRR11344177,JAARTO000000000,L8,ND
L7-1187,ND-KS-2,Listeria,L. welshimeri,29,17,2806387,36.17,370807,53.1977,PRJNA561882,SRR11344175,JAARTN000000000,L8,ND
L7-1191,ND-KS-3,Listeria,L. welshimeri,16,21,2871181,36.11,1445567,91.2114,PRJNA561882,SRR11344174,JAARTM000000000,L8,ND
L7-1192,ND-KS-3,Listeria,L. welshimeri,27,12,2764764,36.17,518093,102.631,PRJNA561882,SRR11344173,JAARTL000000000,L8,ND
L7-1193,ND-KS-3,Listeria,L. welshimeri,134,17,2820138,36.2,517320,242.798,PRJNA561882,SRR11344172,JAARTK000000000,L8,ND
L7-1197,ND-KS-4,Listeria,L. welshimeri,32,14,2754965,36.25,444860,145.574,PRJNA561882,SRR11344171,JAARTJ000000000,L8,ND
L7-1198,ND-KS-4,Listeria,L. welshimeri,16,33,2766669,36.23,342673,119.528,PRJNA561882,SRR11344170,JAASUT000000000,L8,ND
L7-1199,ND-KS-4,Listeria,L. welshimeri,255,23,2743442,36.23,289006,91.4185,PRJNA561882,SRR11344169,JAARTI000000000,L8,ND
L7-1201,ND-KS-4,Listeria,L. welshimeri,19,14,2734825,36.25,520467,92.1266,PRJNA561882,SRR11344168,JAARTH000000000,L8,ND
L7-1203,ND-AN-1,Listeria,L. welshimeri,133,22,2770934,36.26,368398,180.541,PRJNA561882,SRR11344167,JAARTG000000000,L8,ND
L7-1204,ND-AN-1,Listeria,L. welshimeri,241,32,2742944,36.28,1433342,181.482,PRJNA561882,SRR11344166,JAARTF000000000,L8,ND
L7-1205,ND-AN-1,Listeria,L. welshimeri,27,25,2797653,36.22,245830,205.891,PRJNA561882,SRR11344164,JAARTE000000000,L8,ND
L7-1209,ND-AN-2,Listeria,L. welshimeri,19,12,2748784,36.38,532683,64.9843,PRJNA561882,SRR11344163,JAARTD000000000,L8,ND
L7-1210,ND-AN-2,Listeria,L. welshimeri,16,21,2725728,36.26,1438305,89.5678,PRJNA561882,SRR11344162,JAARTC000000000,L8,ND
L7-1215,ND-AN-4,Listeria,L. welshimeri,27,9,2791192,36.29,559995,158.879,PRJNA561882,SRR11344161,JAARTB000000000,L8,ND
L7-1220,ND-AN-4,Listeria,L. welshimeri,241,25,2784072,36.24,681430,143.809,PRJNA561882,SRR11344160,JAARTA000000000,L8,ND
L7-1221,ND-AN-5,Listeria,L. welshimeri,129,22,2748614,36.23,395428,225.038,PRJNA561882,SRR11344159,JAARSZ000000000,L8,ND
L7-1227,ND-WL-1,Listeria,L. welshimeri,27,18,2720507,36.28,398745,83.3575,PRJNA561882,SRR11344065,JAARSY000000000,L8,ND
L7-1233,ND-WL-2,Listeria,L. welshimeri,256,102,2781749,36.21,362668,117.311,PRJNA561882,SRR11344064,JAARSX000000000,L8,ND
L7-1239,ND-WL-5,Listeria,L. welshimeri,257,25,2782339,36.2,318089,75.6396,PRJNA561882,SRR11344063,JAARSW000000000,L8,ND
L7-1245,ND-LL-1,Listeria,L. welshimeri,258,39,2821408,36.16,191949,93.9004,PRJNA561882,SRR11344062,JAARSV000000000,L8,ND
L7-1246,ND-LL-1,Listeria,L. welshimeri,16,37,2833367,36.15,152304,75.8227,PRJNA561882,SRR11344060,JAARSU000000000,L8,ND
L7-1247,ND-LL-1,Listeria,L. welshimeri,157,14,2715187,36.31,367108,273.269,PRJNA561882,SRR11344059,JAARST000000000,L8,ND
L7-1248,ND-LL-1,Listeria,L. welshimeri,89,23,2840687,36.18,264045,209.482,PRJNA561882,SRR11344058,JAASUS000000000,L8,ND
L7-1250,ND-LL-1,Listeria,L. booriae,S5017,45,3282225,41.97,259164,154.36,PRJNA561882,SRR11344057,JAASUR000000000,L12,ND
L7-1251,ND-LL-2,Listeria,L. welshimeri,134,53,2850950,36.27,214419,119.993,PRJNA561882,SRR11344056,JAASUQ000000000,L8,ND
L7-1253,ND-LL-2,Listeria,L. welshimeri,259,125,2930243,36.06,244962,218.388,PRJNA561882,SRR11344055,JAARSS000000000,L8,ND
L7-1255,ND-LL-2,Listeria,L. welshimeri,16,35,2831388,36.15,143656,63.4836,PRJNA561882,SRR11344054,JAARSR000000000,L8,ND
L7-1257,ND-LL-3,Listeria,L. welshimeri,126,16,2791706,36.16,463394,149.864,PRJNA561882,SRR11344053,JAARSQ000000000,L8,ND
L7-1263,ND-LL-4,Listeria,L. welshimeri,241,35,2771470,36.32,520450,170.152,PRJNA561882,SRR11344052,JAARSP000000000,L8,ND
L7-1269,ND-LL-5,Listeria,L. welshimeri,241,48,2871438,36.12,1440893,172.077,PRJNA561882,SRR11344051,JAARSO000000000,L8,ND
L7-1275,ND-LI-5,Listeria,L. welshimeri,127,53,2741423,36.26,587012,111.379,PRJNA561882,SRR11344049,JAARSN000000000,L8,ND
L7-1281,ND-LN-4,Listeria,L. welshimeri,133,14,2757159,36.37,534391,228.464,PRJNA561882,SRR11344048,JAARSM000000000,L8,ND
L7-1282,ND-LN-4,Listeria,L. welshimeri,27,9,2794511,36.15,517938,164.945,PRJNA561882,SRR11344047,JAARSL000000000,L8,ND
L7-1287,ND-LN-5,Listeria,L. welshimeri,241,115,2888484,36.21,106805,49.1347,PRJNA561882,SRR11344046,JAARSK000000000,L8,ND
L7-1291,ND-LN-5,Listeria,L. welshimeri,27,26,2755701,36.25,245888,190.263,PRJNA561882,SRR11344045,JAARSJ000000000,L8,ND
L7-1293,ND-LZ-5,Listeria,L. welshimeri,269,16,2818845,36.24,502611,201.914,PRJNA561882,SRR11344044,JAASUP000000000,L8,ND
L7-1295,ND-LZ-5,Listeria,L. welshimeri,133,152,2877193,36.07,187459,63.3654,PRJNA561882,SRR11344043,JAARSI000000000,L8,ND
L7-1299,AL-BN-2,Listeria,L. booriae,S5054,40,3685746,41.75,315521,132.203,PRJNA561882,SRR11344042,JAARSH000000000,L12,AL
L7-1303,AL-BN-4,Listeria,L. welshimeri,16,154,2852255,36.1,192369,155.335,PRJNA561882,SRR11344041,JAARSG000000000,L8,AL
L7-1309,TN-WR-2,Listeria,L. monocytogenes,62,13,2881089,37.99,416245,99.6546,PRJNA514286,SRR9206872,AAFFKM000000000,L1,TN
L7-1310,TN-WR-2,Listeria,L. monocytogenes,270,34,2900360,37.97,153011,95.556,PRJNA514286,SRR9206870,AAFFKV000000000,L1,TN
L7-1312,TN-WR-2,Listeria,L. welshimeri,16,123,2858847,36.1,106548,33.6263,PRJNA561882,SRR11344040,JAARSF000000000,L8,TN
L7-1315,TN-WR-3,Listeria,L. monocytogenes,80,28,2965240,37.88,194241,69.5844,PRJNA514286,SRR9207062,AAFFKX000000000,L1,TN
L7-1317,TN-WR-4,Listeria,L. monocytogenes,80,17,2930172,37.87,318333,76.7011,PRJNA514286,SRR9207061,AAFFKT000000000,L1,TN
L7-1319,TN-WR-4,Listeria,L. rocourtiae,S5055,69,3270164,40.11,128338,181.626,PRJNA561882,SRR11344038,JAASUO000000000,-,TN
L7-1320,TN-WR-4,Listeria,L. welshimeri,16,25,2732089,36.27,518633,92.4113,PRJNA561882,SRR11344037,JAASUN000000000,L8,TN
L7-1325,TN-WR-5,Listeria,L. welshimeri,126,12,2702060,36.29,432595,210.899,PRJNA561882,SRR11344036,JAARSE000000000,L8,TN
L7-1326,GA-SCN-1,Listeria,L. monocytogenes,57,28,2839955,37.94,184431,75.3782,PRJNA514286,SRR9206875,AAFFKP000000000,L2,GA
L7-1331,GA-SCN-1,Listeria,L. monocytogenes,271,45,2926267,38.15,151067,86.5411,PRJNA514286,SRR9206857,AAFFKI000000000,L1,GA
L7-1332,GA-SCN-3,Listeria,L. monocytogenes,57,19,2923745,37.84,427016,130.556,PRJNA514286,SRR9888532,AAFFKS000000000,L2,GA
L7-1336,CT-UF-5,Listeria,L. monocytogenes,57,85,2880116,37.9,71534,71.1043,PRJNA514286,SRR9206865,AAFFKO000000000,L2,CT
L7-1342,MN-LH-1,Listeria,L. seeligeri,4,10,2800073,37.22,539103,234.425,PRJNA561882,SRR11344035,JAARSD000000000,L10,MN
L7-1343,MN-LH-1,Listeria,L. seeligeri,3,27,2820046,37.27,413700,205.507,PRJNA561882,SRR11344034,JAATNY000000000,L10,MN
L7-1348,MN-LH-2,Listeria,L. seeligeri,4,20,2827400,37.22,266879,66.9976,PRJNA561882,SRR11343905,JAARSC000000000,L10,MN
L7-1356,MN-LH-3,Listeria,L. seeligeri,4,24,2808735,37.24,232072,184.756,PRJNA561882,SRR11343904,JAARSB000000000,L10,MN
L7-1357,MN-LH-4,Listeria,L. seeligeri,3,19,2823762,37.22,532969,156.352,PRJNA561882,SRR11343903,JAARSA000000000,L10,MN
L7-1358,MN-LH-4,Listeria,L. seeligeri,1,31,2858495,37.16,196528,209.24,PRJNA561882,SRR11343902,JAARRZ000000000,L10,MN
L7-1361,IN-WM-1,Listeria,L. monocytogenes,59,44,2961304,37.79,188048,108.346,PRJNA514286,SRR9206852,AAFFKA000000000,L2,IN
L7-1363,IN-WM-1,Listeria,L. seeligeri,272,25,2911054,37.16,222469,132.045,PRJNA561882,SRR11343901,JAARRY000000000,L9,IN
L7-1367,IN-WM-2,Listeria,L. monocytogenes,79,27,2888756,38.03,207233,103.553,PRJNA514286,SRR9206853,AAFFKC000000000,L1,IN
L7-1375,IN-WM-3,Listeria,L. monocytogenes,62,30,2909737,38.06,189158,109.441,PRJNA514286,SRR9206842,AAFFJN000000000,L1,IN
L7-1383,IN-WM-5,Listeria,L. monocytogenes,62,29,2882306,38.06,202640,86.0028,PRJNA514286,SRR9206862,AAFFKH000000000,L1,IN
L7-1385,IN-WM-5,Listeria,L. booriae,S5056,18,3576812,41.98,416396,81.7482,PRJNA561882,SRR11343899,JAARRX000000000,L12,IN
L7-1387,TN-CS-1,Listeria,L. booriae,S5056,19,3629322,41.97,570036,65.0938,PRJNA561882,SRR11343898,JAARRW000000000,L12,TN
L7-1393,TN-CS-3,Listeria,L. monocytogenes,273,73,3165036,37.73,119362,58.1787,PRJNA514286,SRR9206861,AAFFKE000000000,L1,TN
L7-1401,GA-RT-2,Listeria,L. monocytogenes,221,81,3174042,37.79,94018,69.3086,PRJNA514286,SRR9206848,AAFFKY000000000,L1,GA
L7-1409,GA-RT-4,Listeria,L. booriae,S5057,15,3678799,41.89,804384,244.515,PRJNA561882,SRR11343897,JAARRV000000000,L12,GA
L7-1415,GA-RT-5,Listeria,L. monocytogenes,202,16,2923258,37.84,572454,143.813,PRJNA514286,SRR9888533,AAFFJQ000000000,L2,GA
L7-1418,GA-RT-5,Listeria,L. monocytogenes,57,60,2902458,37.85,109844,87.2348,PRJNA514286,SRR9206612,AAFFJL000000000,L2,GA
L7-1423,AL-TN-2,Listeria,L. monocytogenes,57,82,2942136,37.83,67393,109.756,PRJNA514286,SRR9206609,AAFFJO000000000,L2,AL
L7-1425,AL-TN-2,Listeria,L. cossartiae,274,14,2783354,38.8,495198,102.303,PRJNA561882,SRR11343896,JAASUM000000000,L5,AL
L7-1426,AL-TN-2,Listeria,L. cossartiae,275,30,2866099,38.64,494483,88.7246,PRJNA561882,SRR11343895,JAASUL000000000,L5,AL
L7-1427,AL-TN-2,Listeria,L. booriae,S5058,22,3768975,41.89,703021,55.7893,PRJNA561882,SRR11343894,JAARRU000000000,L12,AL
L7-1430,AL-TN-2,Listeria,L. booriae,S5059,31,3546963,42.04,279369,137.649,PRJNA561882,SRR11343893,JAARRT000000000,L12,AL
L7-1431,AL-TN-3,Listeria,L. monocytogenes,57,39,2883534,37.87,172398,102.543,PRJNA514286,SRR9206850,AAFFKB000000000,L2,AL
L7-1432,AL-TN-3,Listeria,L. monocytogenes,59,33,3018569,37.81,264090,86.0463,PRJNA514286,SRR9206856,AAFFKF000000000,L2,AL
L7-1434,AL-TN-3,Listeria,L. cossartiae,276,15,2804534,38.8,505744,99.8504,PRJNA561882,SRR11343892,JAASUK000000000,L5,AL
L7-1435,AL-TN-3,Listeria,L. cossartiae,277,126,2853321,38.68,337809,100.29,PRJNA561882,SRR11343891,JAASUJ000000000,L5,AL
L7-1439,AL-TN-4,Listeria,L. monocytogenes,96,44,2910175,38.01,173324,103.587,PRJNA514286,SRR9206866,AAFFKN000000000,L1,AL
L7-1444,AL-TN-4,Listeria,L. monocytogenes,57,21,2938458,37.83,419635,114.868,PRJNA514286,SRR9620885,AAHZII000000000,L2,AL
L7-1447,AL-TN-5,Listeria,L. cossartiae,278,16,2819288,38.73,1417199,85.8685,PRJNA561882,SRR11343890,JAASUI000000000,L5,AL
L7-1453,MN-BE-1,Listeria,L. seeligeri,12,26,2882651,37.23,469901,208.252,PRJNA561882,SRR11343888,JAARRS000000000,L9,MN
L7-1455,MN-BE-1,Listeria,L. seeligeri,24,94,2966516,37.04,113743,184.75,PRJNA561882,SRR11343887,JAASUH000000000,L9,MN
L7-1459,MN-BE-2,Listeria,L. seeligeri,12,34,2853087,37.26,379673,110.515,PRJNA561882,SRR11343886,JAARRR000000000,L9,MN
L7-1465,MN-BE-4,Listeria,L. seeligeri,24,30,2863158,37.2,223132,96.768,PRJNA561882,SRR11343885,JAARRQ000000000,L9,MN
L7-1467,MN-FL-4,Listeria,L. seeligeri,12,31,2879146,37.11,207938,95.341,PRJNA561882,SRR11343884,JAARRP000000000,L9,MN
L7-1479,MI-CN-5,Listeria,L. grandensis,S5060,41,3345143,41.95,313228,125.272,PRJNA561882,SRR11343883,JAASUG000000000,-,WI
L7-1485,WY-TB-1,Listeria,L. immobilis,288,60,2910022,35.94,155385,113.916,PRJNA561882,SRR11343882,JAASUF000000000,L11,WY
L7-1491,WY-TB-2,Listeria,L. booriae,S5063,47,3131846,41.92,177507,97.8897,PRJNA561882,SRR11343881,JAASUE000000000,L12,WY
L7-1497,WY-TB-3,Listeria,L. booriae,S5063,57,3367802,41.7,173789,57.5065,PRJNA561882,SRR11343880,JAARRO000000000,L12,WY
L7-1499,WY-TB-3,Listeria,L. welshimeri,219,15,2742560,36.23,448785,115.723,PRJNA561882,SRR11343879,JAARRN000000000,L8,WY
L7-1507,UT-BD-5,Listeria,L. aquatica,S5067,12,2647951,39.41,564328,115.523,PRJNA561882,SRR11343876,JAARRM000000000,-,UT
L7-1509,SD-BN-1,Listeria,L. immobilis,279,62,3037662,35.94,183435,101.121,PRJNA561882,SRR11343875,JAASUD000000000,L11,SD
L7-1510,SD-BN-1,Listeria,L. immobilis,289,46,2936695,35.93,214661,57.812,PRJNA561882,SRR11343874,JAASUC000000000,L11,SD
L7-1515,SD-BN-4,Listeria,L. immobilis,279,52,3066851,35.94,177674,49.4283,PRJNA561882,SRR11344254,JAASUB000000000,L11,SD
L7-1517,SD-BN-5,Listeria,L. immobilis,290,37,2976361,35.78,227776,48.9773,PRJNA561882,SRR11344253,JAASUA000000000,L11,WY
L7-1519,SD-BN-5,Listeria,L. immobilis,279,46,3066300,35.92,156931,46.8662,PRJNA561882,SRR11344252,JAASTZ000000000,L11,WY
L7-1523,UT-FN-4,Listeria,L. weihenstephanensis,S5068,77,3479037,41.2,111341,117.323,PRJNA561882,SRR11344251,JAARRL000000000,-,UT
L7-1529,MT-CG-3,Listeria,L. booriae,S5063,286,3269884,41.75,145608,59.2707,PRJNA561882,SRR11344250,JAARRK000000000,L12,MT
L7-1535,MT-PC-1,Listeria,L. welshimeri,219,23,2745108,36.3,290315,213.013,PRJNA561882,SRR11344249,JAARRJ000000000,L8,MT
L7-1541,MT-PC-3,Listeria,L. booriae,S5063,150,3233467,41.77,127206,97.6162,PRJNA561882,SRR11344248,JAARRI000000000,L12,MT
L7-1542,MT-PC-3,Listeria,L. welshimeri,281,83,2774537,36.45,503132,118.866,PRJNA561882,SRR11344246,JAASTY000000000,L8,MT
L7-1547,MT-PC-4,Listeria,L. booriae,S5062,58,3462550,41.45,144307,134.501,PRJNA561882,SRR11344245,JAASTX000000000,L12,MT
L7-1548,MT-UTR-4,Listeria,L. seeligeri,121,37,3008408,37.04,141579,96.2063,PRJNA561882,SRR11344244,JAARRH000000000,L9,MT
L7-1554,MT-UTR-5,Listeria,L. immobilis,288,44,2924628,35.92,144674,39.2069,PRJNA561882,SRR11344243,JAASTW000000000,L11,MT
L7-1558,MT-UTR-5,Listeria,L. immobilis,279,61,2937475,35.92,108742,33.0347,PRJNA561882,SRR11344242,JAASTV000000000,L11,MT
L7-1560,OR-DN-5,Listeria,L. seeligeri,7,28,2900540,37.27,242102,151.06,PRJNA561882,SRR11344241,JAARRG000000000,L10,OR
L7-1566,MI-PR-2,Listeria,L. welshimeri,21,11,2860334,36.18,593819,170.733,PRJNA561882,SRR11344240,JAARRF000000000,L8,MI
L7-1572,MT-LTR-2,Listeria,L. grandensis,S5041,106,3303811,41.82,218465,88.8483,PRJNA561882,SRR11344239,JAARRE000000000,-,MT
L7-1574,WY-BH-1,Listeria,L. seeligeri,24,80,2974940,37.13,223804,117.469,PRJNA561882,SRR11344238,JAARRD000000000,L9,SD
L7-1578,WY-BH-3,Listeria,L. immobilis,279,53,3015934,35.96,138184,46.3136,PRJNA561882,SRR11344237,JAASTU000000000,L11,SD
L7-1580,WY-BH-3,Listeria,L. seeligeri,12,62,2926984,37.19,414884,309.776,PRJNA561882,SRR11344235,JAARRC000000000,L9,SD
L7-1581,WY-BH-3,Listeria,L. seeligeri,24,29,2928667,37.22,372896,66.587,PRJNA561882,SRR11344234,JAARRB000000000,L9,SD
L7-1582,WY-BH-3,Listeria,L. portnoyi,S5061,62,3157653,41.9,125185,55.0706,PRJNA561882,SRR11344233,JAASTT000000000,-,SD
L7-1584,WY-BH-4,Listeria,L. welshimeri,280,19,2716241,36.32,374717,75.4241,PRJNA561882,SRR11344232,JAARRA000000000,L8,SD
L7-1585,WY-BH-4,Listeria,L. welshimeri,179,20,2700101,36.27,256236,103.107,PRJNA561882,SRR11344231,JAARQZ000000000,L8,SD
L7-1586,WY-BH-4,Listeria,L. booriae,S5062,62,3264534,41.79,136029,82.7221,PRJNA561882,SRR11344230,JAARQY000000000,L12,SD
L7-1587,WY-BH-4,Listeria,L. welshimeri,281,23,2760011,36.21,242225,81.2773,PRJNA561882,SRR11344229,JAARQX000000000,L8,SD
L7-1588,WY-BH-4,Listeria,L. booriae,S5063,270,3268983,41.61,130582,51.6593,PRJNA561882,SRR11344228,JAASTS000000000,L12,SD
L7-1590,WY-BH-5,Listeria,L. welshimeri,280,257,2919161,36.23,311512,73.4082,PRJNA561882,SRR11344227,JAARQW000000000,L8,SD
L7-1591,WY-BH-5,Listeria,L. welshimeri,281,23,2753465,36.21,316365,76.7824,PRJNA561882,SRR11344226,JAARQV000000000,L8,SD
L7-1594,WY-BH-5,Listeria,L. booriae,S5063,251,3462980,41.3,146033,69.9033,PRJNA561882,SRR11344224,JAARQU000000000,L12,SD
L7-1596,SD-BH-2,Listeria,L. seeligeri,12,58,2895337,37.15,102893,234.044,PRJNA561882,SRR11344223,JAARQT000000000,L9,SD
L7-1599,SD-BH-2,Listeria,L. welshimeri,27,11,2683673,36.34,1418385,168.614,PRJNA561882,SRR11344097,JAARQS000000000,L8,SD
L7-1600,SD-BH-5,Listeria,L. welshimeri,27,28,2872811,36.18,300680,94.9001,PRJNA561882,SRR11344096,JAARQR000000000,L8,SD
L7-1601,SD-BH-5,Listeria,L. welshimeri,281,15,2724904,36.26,318796,93.556,PRJNA561882,SRR11344095,JAARQQ000000000,L8,SD
L7-1606,MN-CF-1,Listeria,L. welshimeri,131,25,2807188,36.17,362303,104.204,PRJNA561882,SRR11344094,JAARQP000000000,L8,MN
L7-1612,MN-CF-2,Listeria,L. welshimeri,16,15,2879192,36.13,371759,78.0313,PRJNA561882,SRR11344093,JAARQO000000000,L8,MN
L7-1614,MN-LR-2,Listeria,L. newyorkensis,S5064,35,3472102,43.05,185275,74.8978,PRJNA561882,SRR11344092,JAARQN000000000,-,MN
L7-1615,MN-LR-5,Listeria,L. welshimeri,27,13,2820755,36.15,537116,75.0623,PRJNA561882,SRR11344091,JAARQM000000000,L8,MN
L7-1616,MN-LR-5,Listeria,L. welshimeri,89,12,2770403,36.17,502140,81.5653,PRJNA561882,SRR11344090,JAARQL000000000,L8,MN
L7-1620,MN-LR-5,Listeria,L. welshimeri,129,33,2941864,36.12,326215,82.6218,PRJNA561882,SRR11344088,JAARQK000000000,L8,MN
L7-1621,IA-RR-4,Listeria,L. rocourtiae,S5065,40,3147698,40.07,147189,70.9516,PRJNA561882,SRR11344087,JAARQJ000000000,-,IA
L7-1623,IA-RR-4,Listeria,L. welshimeri,27,17,2732492,36.25,446361,263.154,PRJNA561882,SRR11344086,JAARQI000000000,L8,IA
L7-1624,IA-RR-4,Listeria,L. innocua,87,19,2861166,37.37,487159,105.405,PRJNA561882,SRR11344085,JAARQH000000000,L6,IA
L7-1625,IA-RR-4,Listeria,L. innocua,23,12,2853861,37.37,589451,86.9222,PRJNA561882,SRR11344084,JAARQG000000000,L6,IA
L7-1626,IA-RR-4,Listeria,L. seeligeri,12,39,2856741,37.22,171231,53.0082,PRJNA561882,SRR11344083,JAARQF000000000,L9,IA
L7-1629,IA-CS-2,Listeria,L. fleischmannii,S5066,76,2919778,38.49,162151,80.8901,PRJNA561882,SRR11344082,JAARQE000000000,-,IA
L7-1630,IA-CS-2,Listeria,L. seeligeri,12,32,2823160,37.22,209259,46.3366,PRJNA561882,SRR11344081,JAARQD000000000,L9,IA
L7-1635,IA-CS-3,Listeria,L. monocytogenes,90,17,2842420,38.08,544185,124.838,PRJNA514286,SRR9620889,AAHZIH000000000,L1,IA
L7-1636,IA-CS-3,Listeria,L. seeligeri,12,34,2846159,37.17,240906,81.2001,PRJNA561882,SRR11344080,JAARQC000000000,L9,IA
L7-1637,IA-CS-3,Listeria,L. monocytogenes,282,23,2796780,38.15,272475,126.075,PRJNA514286,SRR9620962,AAHZKK000000000,L1,IA
L7-1639,IA-CS-3,Listeria,L. seeligeri,24,43,2892288,37.17,149819,56.7435,PRJNA561882,SRR11344079,JAARQB000000000,L9,IA
L7-1641,IA-CS-4,Listeria,L. fleischmannii,S5014,37,2790061,38.58,174999,104.359,PRJNA561882,SRR11344077,JAARQA000000000,-,IA
L7-1642,IA-CS-4,Listeria,L. welshimeri,249,279,2995596,36.28,304570,61.168,PRJNA561882,SRR11344076,JAARPZ000000000,L8,IA
L7-1645,IA-CS-5,Listeria,L. fleischmannii,S5014,26,2826175,38.58,174928,99.2818,PRJNA561882,SRR11344075,JAARPY000000000,-,IA
L7-1646,IA-CS-5,Listeria,L. welshimeri,16,13,2750814,36.22,518135,82.2577,PRJNA561882,SRR11344074,JAARPX000000000,L8,IA
L7-1648,IA-CS-5,Listeria,L. welshimeri,134,13,2802389,36.1,442858,102.859,PRJNA561882,SRR11344073,JAARPW000000000,L8,IA
L7-1651,TX-SH-1,Listeria,L. innocua,283,63,2880467,37.22,532112,137.381,PRJNA561882,SRR11344072,JAARPV000000000,L6,TX
L7-1657,TX-SH-2,Listeria,L. welshimeri,284,12,2750705,36.2,1449415,163.939,PRJNA561882,SRR11344071,JAARPU000000000,L8,TX
L7-1658,TX-SH-2,Listeria,L. booriae,S5054,26,3488258,41.78,354904,119.432,PRJNA561882,SRR11344070,JAARPT000000000,L12,TX
L7-1659,TX-SH-2,Listeria,L. welshimeri,178,176,3007429,36.27,195519,58.5636,PRJNA561882,SRR11344069,JAARPS000000000,L8,TX
L7-1661,TX-SH-2,Listeria,L. innocua,285,11,2890585,37.17,1531543,68.7054,PRJNA561882,SRR11344068,JAARPR000000000,L6,TX
L7-1663,TX-SH-3,Listeria,L. innocua,286,125,2998422,37.2,549990,137.759,PRJNA561882,SRR11344066,JAARPQ000000000,L6,TX
L7-1665,TX-SH-3,Listeria,L. innocua,287,63,3084246,37.04,474155,116.501,PRJNA561882,SRR11344033,JAARPP000000000,L6,TX
L7-1669,TX-SH-4,Listeria,L. innocua,287,57,3150841,37.1,456300,120.666,PRJNA561882,SRR11344032,JAARPO000000000,L6,TX
L7-1670,TX-SH-4,Listeria,L. innocua,150,22,2842490,37.29,475881,57.4441,PRJNA561882,SRR11344031,JAARPN000000000,L6,TX
L7-1675,TX-SH-5,Listeria,L. innocua,22,64,2875573,37.26,1475107,112.319,PRJNA561882,SRR11344030,JAARPM000000000,L6,TX
L7-1681,FL-WP-3,Listeria,L. booriae,S5069,31,3430305,41.78,281018,42.6512,PRJNA561882,SRR11344029,JAARPL000000000,L12,FL
L7-1687,KS-MS-2,Listeria,L. welshimeri,27,18,2745126,36.23,501514,59.0738,PRJNA561882,SRR11344028,JAARPK000000000,L8,KS
L7-1693,FL-BS-3,Listeria,L. farberi,181,16,2863364,36.84,1512479,94.7451,PRJNA561882,SRR11344027,JAARPJ000000000,L7,FL
L7-1698,FL-BS-3,Listeria,L. booriae,S5070,59,3481064,41.77,577823,55.4233,PRJNA561882,SRR11344026,JAARPI000000000,L12,FL
L7-1699,FL-BS-5,Listeria,L. farberi,181,86,2991801,36.82,526446,154.935,PRJNA561882,SRR11344025,JAARPH000000000,L7,FL
L7-1705,TX-MN-2,Listeria,L. welshimeri,291,11,2720499,36.24,1428461,243.39,PRJNA561882,SRR11344023,JAARPG000000000,L8,TX
L7-1706,TX-MN-2,Listeria,L. welshimeri,292,14,2752040,36.27,499267,168.376,PRJNA561882,SRR11344022,JAARPF000000000,L8,TX
L7-1707,TX-MN-2,Listeria,L. welshimeri,293,78,2815033,36.44,261197,98.3548,PRJNA561882,SRR11344021,JAASTR000000000,L8,TX
L7-1710,TX-MN-2,Listeria,L. welshimeri,294,86,2836858,36.19,518327,219.144,PRJNA561882,SRR11344020,JAATNX000000000,L8,TX
L7-1711,TX-MN-4,Listeria,L. welshimeri,178,22,2787836,36.26,308656,187.338,PRJNA561882,SRR11344019,JAARPE000000000,L8,TX
L7-1717,TX-MN-5,Listeria,L. welshimeri,178,29,2850555,36.16,411220,155.252,PRJNA561882,SRR11344018,JAARPD000000000,L8,TX
L7-1718,TX-MN-5,Listeria,L. welshimeri,284,142,2853175,36.11,384684,126.292,PRJNA561882,SRR11344017,JAARPC000000000,L8,TX
L7-1723,LA-TH-1,Listeria,L. monocytogenes,295,16,2998122,37.88,356178,95.6891,PRJNA514286,SRR9620923,AAHZIU000000000,L1,LA
L7-1725,LA-TH-1,Listeria,L. monocytogenes,80,14,2895487,37.99,356380,113.7,PRJNA514286,SRR9620947,AAHZJC000000000,L1,LA
L7-1726,LA-TH-1,Listeria,L. innocua,22,57,3210841,37.06,377434,157.4,PRJNA561882,SRR11344016,JAARPB000000000,L6,LA
L7-1731,LA-TH-2,Listeria,L. monocytogenes,80,27,3015723,38,249471,119.245,PRJNA514286,SRR9620944,AAHZJW000000000,L1,LA
L7-1734,LA-TH-2,Listeria,L. monocytogenes,220,22,2896845,37.95,196041,127.153,PRJNA514286,SRR9620943,AAHZJV000000000,L1,LA
L7-1735,LA-TH-2,Listeria,L. monocytogenes,296,16,2876766,37.99,507017,122.78,PRJNA514286,SRR9620891,AAHZIJ000000000,L1,LA
L7-1737,LA-TH-4,Listeria,L. monocytogenes,80,32,3082536,37.8,192676,123.538,PRJNA514286,SRR9620882,AAHZIG000000000,L1,LA
L7-1743,LA-TH-5,Listeria,L. innocua,150,40,3151537,37.06,354383,211.85,PRJNA561882,SRR11344015,JAASTQ000000000,L6,LA
L7-1749,LA-HN-2,Listeria,L. monocytogenes,80,18,2885567,37.98,348300,106.614,PRJNA514286,SRR9620956,AAHZIZ000000000,L1,MS
L7-1750,LA-HN-2,Listeria,L. monocytogenes,297,18,2907957,38.01,431326,111.386,PRJNA514286,SRR9620961,AAHZIT000000000,L1,MS
L7-1751,LA-HN-2,Listeria,L. monocytogenes,220,33,3011165,37.86,211371,120.88,PRJNA514286,SRR9620955,AAHZHW000000000,L1,MS
L7-1752,LA-HN-2,Listeria,L. monocytogenes,298,14,2899724,37.97,510483,113.793,PRJNA514286,SRR9620934,AAHZIR000000000,L1,MS
L7-1755,LA-HN-4,Listeria,L. monocytogenes,299,17,2876198,37.97,444111,124.294,PRJNA514286,SRR9620951,AAHZIE000000000,L1,MS
L7-1758,LA-HN-4,Listeria,L. monocytogenes,80,12,2835996,38.08,550730,112.632,PRJNA514286,SRR9620963,AAHZIL000000000,L1,MS
L7-1761,LA-HN-5,Listeria,L. booriae,S5071,17,3608183,41.77,619121,96.061,PRJNA561882,SRR11344014,JAASTP000000000,L12,MS
L7-1765,LA-HN-5,Listeria,L. monocytogenes,80,33,2931335,37.93,224847,93.9826,PRJNA514286,SRR9620932,AAHZIY000000000,L1,MS
L7-1769,MN-SD-5,Listeria,L. booriae,S5040,16,3217199,41.95,340612,61.2318,PRJNA561882,SRR11344012,JAARPA000000000,L12,MN
L7-1773,MN-SD-5,Listeria,L. booriae,S5017,33,3335036,41.97,191940,112.08,PRJNA561882,SRR11344011,JAAROZ000000000,L12,MN
L7-1775,MN-RR-2,Listeria,L. monocytogenes,61,32,2997736,37.79,238777,122.265,PRJNA514286,SRR9620939,AAHZJA000000000,L3,MN
L7-1783,MN-RR-3,Listeria,L. monocytogenes,58,24,2945951,37.82,236642,99.2348,PRJNA514286,SRR9620922,AAHZIP000000000,L3,MN
L7-1785,MN-RR-3,Listeria,L. welshimeri,126,13,2750088,36.27,1417475,116.844,PRJNA561882,SRR11344010,JAAROY000000000,L8,MN
L7-1787,MN-RR-3,Listeria,L. welshimeri,27,27,2792479,36.25,650003,115.056,PRJNA561882,SRR11344009,JAAROX000000000,L8,MN
L7-1800,LA-JW-1,Listeria,L. monocytogenes,80,11,2852112,38.05,1475293,99.1614,PRJNA514286,SRR9620935,AAHZHZ000000000,L1,LA
L7-1802,LA-JW-1,Listeria,L. monocytogenes,58,42,3125592,37.69,175404,128.885,PRJNA514286,SRR9620895,AAHZIN000000000,L3,LA
L7-1808,LA-LO-1,Listeria,L. monocytogenes,193,29,3071167,37.8,353176,139.358,PRJNA514286,SRR9620933,AAHZHY000000000,L1,LA
L7-1810,LA-LO-1,Listeria,L. welshimeri,27,25,2785678,36.2,228080,102.213,PRJNA561882,SRR11344008,JAAROW000000000,L8,LA
L7-1816,LA-LO-2,Listeria,L. booriae,S5072,20,3663069,41.69,787319,80.9966,PRJNA561882,SRR11344007,JAAROV000000000,L12,LA
L7-1818,LA-LO-3,Listeria,L. welshimeri,16,55,2943153,36.06,378965,159.568,PRJNA561882,SRR11344006,JAAROU000000000,L8,LA
L7-1824,LA-AN-1,Listeria,L. booriae,S5073,26,3523826,41.89,399674,146.155,PRJNA561882,SRR11344005,JAAROT000000000,L12,LA
L7-1825,LA-AN-1,Listeria,L. booriae,S5074,21,3537819,42,488699,41.0418,PRJNA561882,SRR11344004,JAAROS000000000,L12,LA
L7-1826,LA-AN-1,Listeria,L. booriae,S5075,39,3455232,42.07,289439,62.9528,PRJNA561882,SRR11344003,JAAROR000000000,L12,LA
L7-1827,LA-AN-1,Listeria,L. booriae,S5076,32,3510386,41.86,468182,71.2153,PRJNA561882,SRR11343873,JAAROQ000000000,L12,LA
L7-1829,LA-AN-1,Listeria,L. welshimeri,47,50,3169563,36.26,127987,77.5128,PRJNA561882,SRR11343872,JAAROP000000000,L8,LA
L7-1830,LA-AN-2,Listeria,L. booriae,S5076,23,3543781,41.83,752528,67.4215,PRJNA561882,SRR11343871,JAAROO000000000,L12,LA
L7-1831,LA-AN-2,Listeria,L. booriae,S5077,24,3499885,41.86,394430,89.8945,PRJNA561882,SRR11343870,JAARON000000000,L12,LA
L7-1832,LA-AN-2,Listeria,L. welshimeri,300,70,2818001,36.19,88285,157.378,PRJNA561882,SRR11343869,JAAROM000000000,L8,LA
L7-1833,LA-AN-2,Listeria,L. booriae,S5072,56,3525906,41.96,463685,50.0286,PRJNA561882,SRR11343868,JAAROL000000000,L12,LA
L7-1834,LA-AN-2,Listeria,L. booriae,S5078,55,3614021,41.67,297891,60.5619,PRJNA561882,SRR11343867,JAAROK000000000,L12,LA
L7-1835,LA-AN-2,Listeria,L. welshimeri,301,30,2825870,36.14,217648,129.943,PRJNA561882,SRR11343866,JAAROJ000000000,L8,LA
L7-1836,LA-AN-3,Listeria,L. booriae,S5072,28,3538406,41.91,314499,83.1253,PRJNA561882,SRR11343865,JAAROI000000000,L12,LA
L7-1837,LA-AN-3,Listeria,L. welshimeri,301,49,2795450,36.22,92465,109.182,PRJNA561882,SRR11343864,JAARND000000000,L8,LA
L7-1838,LA-AN-3,Listeria,L. welshimeri,292,26,2798527,36.17,297197,70.1041,PRJNA561882,SRR11343861,JAARNC000000000,L8,LA
L7-1842,LA-AN-4,Listeria,L. booriae,S5072,23,3505751,41.99,480284,47.5628,PRJNA561882,SRR11343860,JAARNB000000000,L12,LA
L7-1843,LA-AN-4,Listeria,L. booriae,S5079,10,3530500,41.9,1243404,110.254,PRJNA561882,SRR11343859,JAARNA000000000,L12,LA
L7-1844,LA-AN-4,Listeria,L. booriae,S5080,43,3535884,41.64,243645,96.0428,PRJNA561882,SRR11343858,JAARMZ000000000,L12,LA
L7-1845,LA-AN-4,Listeria,L. welshimeri,301,35,2824488,36.14,177282,122.502,PRJNA561882,SRR11343857,JAARMY000000000,L8,LA
L7-1846,LA-AN-4,Listeria,L. welshimeri,47,37,2830911,36.21,257121,110.22,PRJNA561882,SRR11343856,JAARMX000000000,L8,LA
L7-1848,LA-AN-5,Listeria,L. booriae,S5081,19,3305471,42.02,472570,85.4942,PRJNA561882,SRR11343855,JAARMW000000000,L12,LA
L7-1850,LA-AN-5,Listeria,L. booriae,S5079,31,3656145,41.68,1051586,99.0284,PRJNA561882,SRR11343854,JAARMV000000000,L12,LA
L7-1851,LA-AN-5,Listeria,L. welshimeri,301,38,2802247,36.16,146488,171.358,PRJNA561882,SRR11343853,JAARMU000000000,L8,LA
L7-1854,MN-MH-3,Listeria,L. welshimeri,27,25,2781989,36.16,301587,178.212,PRJNA561882,SRR11343852,JAARMT000000000,L8,MN
L7-1855,MN-MH-3,Listeria,L. welshimeri,16,78,2902905,36.1,339798,115.106,PRJNA561882,SRR11343850,JAARMS000000000,L8,MN
L7-1856,MN-MH-3,Listeria,L. monocytogenes,61,41,2956839,37.85,185769,135.922,PRJNA514286,SRR9620945,AAHZKC000000000,L3,MN
L7-1859,MN-MH-3,Listeria,L. welshimeri,148,14,2752834,36.21,487093,52.2599,PRJNA561882,SRR11343849,JAARMR000000000,L8,MN
L7-1860,MN-MH-4,Listeria,L. welshimeri,19,14,2817277,36.23,499726,108.376,PRJNA561882,SRR11343848,JAARMQ000000000,L8,MN
L7-1862,MN-MH-4,Listeria,L. welshimeri,27,14,2752872,36.26,1409100,117.094,PRJNA561882,SRR11343847,JAARMP000000000,L8,MN
L7-1863,MN-MH-4,Listeria,L. welshimeri,16,43,2765621,36.22,1431712,139.354,PRJNA561882,SRR11343846,JAARMO000000000,L8,MN
L7-1866,MN-MH-5,Listeria,L. welshimeri,89,29,2752783,36.28,515172,139.527,PRJNA561882,SRR11343845,JAARMN000000000,L8,MN
L7-1868,MN-MH-5,Listeria,L. welshimeri,16,18,2820430,36.28,1501492,137.498,PRJNA561882,SRR11343844,JAARMM000000000,L8,MN